year,country,tm_squad_value_eur
2000,Togo,150000
2001,France,100000
2003,Romania,1300000
2004,Albania,3800000
2004,Algeria,3400000
2004,Angola,2000000
2004,Antigua and Barbuda,50000
2004,Argentina,176000000
2004,Armenia,50000
2004,Australia,6050000
2004,Austria,14765000
2004,Barbados,300000
2004,Belarus,7600000
2004,Belgium,74200000
2004,Bosnia and Herzegovina,1000000
2004,Brazil,176000000
2004,Bulgaria,20750000
2004,Burkina Faso,400000
2004,Burundi,2250000
2004,Cameroon,51425000
2004,Canada,2325000
2004,Cape Verde,4250000
2004,Chile,19400000
2004,Colombia,12500000
2004,Ivory Coast,59100000
2004,Croatia,32250000
2004,Curaçao,300000
2004,Czech Republic,70400000
2004,DR Congo,10050000
2004,Denmark,44180000
2004,Egypt,2250000
2004,England,340250000
2004,Equatorial Guinea,400000
2004,Eritrea,150000
2004,Estonia,50000
2004,Finland,12700000
2004,France,239750000
2004,French Guiana,50000
2004,Georgia,3850000
2004,Germany,93700000
2004,Ghana,16300000
2004,Greece,62600000
2004,Grenada,3500000
2004,Guadeloupe,900000
2004,Guinea,9000000
2004,Hungary,7600000
2004,Iceland,11650000
2004,Iran,300000
2004,Republic of Ireland,43425000
2004,Israel,6400000
2004,Italy,267500000
2004,Jamaica,700000
2004,"Korea, South",4500000
2004,Latvia,2800000
2004,Lithuania,2600000
2004,Mali,16650000
2004,Martinique,2050000
2004,Mexico,17500000
2004,Montenegro,8500000
2004,Morocco,13825000
2004,Mozambique,1000000
2004,Netherlands,107200000
2004,Nigeria,51250000
2004,North Macedonia,2700000
2004,Northern Ireland,6850000
2004,Norway,18050000
2004,Pakistan,100000
2004,Paraguay,11750000
2004,Peru,15000000
2004,Philippines,450000
2004,Poland,4850000
2004,Portugal,160000000
2004,Qatar,125000
2004,Romania,32600000
2004,Russia,59100000
2004,Rwanda,350000
2004,Saint Martin,500000
2004,Scotland,32050000
2004,Senegal,22850000
2004,Serbia,44900000
2004,Sierra Leone,50000
2004,Slovakia,2850000
2004,Slovenia,550000
2004,South Africa,5250000
2004,Spain,304500000
2004,Sweden,48750000
2004,Switzerland,8495000
2004,Tahiti,2500000
2004,Gambia,800000
2004,Togo,6850000
2004,Trinidad and Tobago,100000
2004,Tunisia,7850000
2004,Turkey,97550000
2004,Ukraine,16400000
2004,United States,11000000
2004,Uruguay,21250000
2004,Uzbekistan,4000000
2004,Venezuela,1500000
2004,Wales,41625000
2004,Zambia,300000
2005,Albania,6150000
2005,Algeria,5650000
2005,Angola,3000000
2005,Antigua and Barbuda,300000
2005,Argentina,134750000
2005,Armenia,300000
2005,Australia,4655000
2005,Austria,25150000
2005,Belarus,11850000
2005,Belgium,82450000
2005,Bosnia and Herzegovina,10400000
2005,Brazil,228350000
2005,Bulgaria,30500000
2005,Burkina Faso,1750000
2005,Burundi,4500000
2005,Cameroon,68450000
2005,Canada,2600000
2005,Chile,17500000
2005,Colombia,9650000
2005,Congo,300000
2005,Ivory Coast,77250000
2005,Croatia,46600000
2005,Curaçao,500000
2005,Cyprus,1250000
2005,Czech Republic,72550000
2005,DR Congo,6700000
2005,Denmark,56400000
2005,Egypt,3400000
2005,England,376350000
2005,Equatorial Guinea,600000
2005,Eritrea,50000
2005,Estonia,625000
2005,Finland,13500000
2005,France,227750000
2005,French Guiana,750000
2005,Georgia,10000000
2005,Germany,144250000
2005,Ghana,46175000
2005,Greece,68150000
2005,Grenada,2750000
2005,Guadeloupe,1600000
2005,Guinea,9750000
2005,Guinea-Bissau,4400000
2005,Haiti,1500000
2005,Hungary,9600000
2005,Iceland,13700000
2005,Iran,400000
2005,Republic of Ireland,47900000
2005,Israel,900000
2005,Italy,280000000
2005,Jamaica,50000
2005,Kenya,375000
2005,"Korea, South",10500000
2005,Latvia,3125000
2005,Lithuania,2950000
2005,Mali,28300000
2005,Martinique,850000
2005,Mexico,3500000
2005,Montenegro,18875000
2005,Morocco,12100000
2005,Mozambique,2000000
2005,Netherlands,138650000
2005,New Zealand,1600000
2005,Nigeria,52500000
2005,North Macedonia,8975000
2005,Northern Ireland,6175000
2005,Norway,14100000
2005,Oman,400000
2005,Paraguay,9750000
2005,Peru,19400000
2005,Poland,22325000
2005,Portugal,196500000
2005,Romania,18950000
2005,Russia,82050000
2005,Rwanda,400000
2005,Scotland,36050000
2005,Senegal,31500000
2005,Serbia,30700000
2005,Sierra Leone,200000
2005,Slovakia,13200000
2005,Slovenia,5150000
2005,South Africa,3500000
2005,Spain,153250000
2005,Suriname,100000
2005,Sweden,50375000
2005,Switzerland,24300000
2005,Tahiti,3000000
2005,Gambia,450000
2005,Togo,9050000
2005,Trinidad and Tobago,500000
2005,Tunisia,9400000
2005,Turkey,80200000
2005,Turkey,50000
2005,Ukraine,20050000
2005,United States,15475000
2005,Uruguay,12500000
2005,Uzbekistan,300000
2005,Wales,36850000
2006,Albania,10495000
2006,Algeria,7125000
2006,Andorra,250000
2006,Angola,3650000
2006,Antigua and Barbuda,825000
2006,Argentina,217550000
2006,Armenia,500000
2006,Australia,6950000
2006,Austria,27550000
2006,Barbados,1600000
2006,Belarus,12100000
2006,Belgium,91600000
2006,Benin,1100000
2006,Bosnia and Herzegovina,5075000
2006,Brazil,238230000
2006,Bulgaria,31050000
2006,Burkina Faso,3150000
2006,Cameroon,59200000
2006,Canada,3250000
2006,Central African Republic,1750000
2006,Chile,25650000
2006,Taiwan,200000
2006,Colombia,14950000
2006,Congo,1000000
2006,Costa Rica,1600000
2006,Ivory Coast,85950000
2006,Croatia,41275000
2006,Curaçao,50000
2006,Czech Republic,72175000
2006,DR Congo,14850000
2006,Denmark,74675000
2006,Dominican Republic,150000
2006,Ecuador,2850000
2006,Egypt,5750000
2006,England,413400000
2006,Equatorial Guinea,4500000
2006,Estonia,350000
2006,Ethiopia,75000
2006,Faroe Islands,1250000
2006,Finland,15000000
2006,France,228200000
2006,French Guiana,550000
2006,Georgia,7750000
2006,Germany,181150000
2006,Ghana,44725000
2006,Greece,46350000
2006,Grenada,3850000
2006,Guadeloupe,5200000
2006,Guinea,15200000
2006,Guinea-Bissau,1000000
2006,Haiti,1050000
2006,Hungary,7450000
2006,Iceland,14315000
2006,Iran,400000
2006,Republic of Ireland,51650000
2006,Israel,6750000
2006,Italy,304000000
2006,Jamaica,3100000
2006,Japan,2700000
2006,Kenya,1500000
2006,"Korea, South",11000000
2006,Kosovo,50000
2006,Latvia,175000
2006,Lithuania,950000
2006,Luxembourg,75000
2006,Madagascar,1200000
2006,Mali,39900000
2006,Martinique,1500000
2006,Mexico,24100000
2006,Moldova,50000
2006,Montenegro,6450000
2006,Morocco,25725000
2006,Netherlands,150050001
2006,New Zealand,2225000
2006,Nigeria,62650000
2006,North Macedonia,9100000
2006,Northern Ireland,13050000
2006,Norway,19000000
2006,Pakistan,50000
2006,Paraguay,11875000
2006,Peru,24400000
2006,Philippines,350000
2006,Poland,31225000
2006,Portugal,184250000
2006,Romania,21725000
2006,Russia,16100000
2006,Saint Martin,700000
2006,Scotland,42075000
2006,Senegal,37350000
2006,Serbia,45450000
2006,Seychelles,250000
2006,Sierra Leone,450000
2006,Slovakia,13445000
2006,Slovenia,2375000
2006,South Africa,575000
2006,Spain,274750000
2006,Suriname,1200000
2006,Sweden,57925000
2006,Switzerland,29800000
2006,Syria,500000
2006,Tahiti,4000000
2006,Gambia,950000
2006,Togo,15850000
2006,Trinidad and Tobago,800000
2006,Tunisia,9150000
2006,Turkey,85420000
2006,Turkey,4625000
2006,Ukraine,28700000
2006,United States,13850000
2006,Uruguay,17850000
2006,Venezuela,600000
2006,Wales,27275000
2006,Zimbabwe,300000
2007,Albania,22000000
2007,Algeria,13850000
2007,Angola,2850000
2007,Antigua and Barbuda,1200000
2007,Argentina,341150000
2007,Armenia,1450000
2007,Aruba,50000
2007,Australia,8675000
2007,Austria,32800000
2007,Azerbaijan,50000
2007,Barbados,1500000
2007,Belarus,19750000
2007,Belgium,91750000
2007,Benin,4300000
2007,Bosnia and Herzegovina,26060000
2007,Brazil,402750000
2007,Bulgaria,44800000
2007,Burkina Faso,5800000
2007,Burundi,7700000
2007,Cameroon,92250000
2007,Canada,4950000
2007,Cape Verde,5300000
2007,Central African Republic,2400000
2007,Chile,53500000
2007,Taiwan,350000
2007,Colombia,27400000
2007,Comoros,450000
2007,Congo,5000000
2007,Costa Rica,1750000
2007,Ivory Coast,144400000
2007,Croatia,96550000
2007,Curaçao,1700000
2007,Cyprus,1400000
2007,Czech Republic,103450000
2007,DR Congo,20500000
2007,Denmark,73800000
2007,Dominican Republic,500000
2007,Ecuador,5700000
2007,Egypt,5150000
2007,England,404399999
2007,Equatorial Guinea,4600000
2007,Eritrea,3000000
2007,Estonia,1450000
2007,Faroe Islands,500000
2007,Finland,15030000
2007,France,282250000
2007,French Guiana,4350000
2007,Gabon,100000
2007,Georgia,3550000
2007,Germany,175200000
2007,Ghana,73000000
2007,Greece,82750000
2007,Grenada,4000000
2007,Guadeloupe,10100000
2007,Guinea,20850000
2007,Guinea-Bissau,2650000
2007,Guyana,100000
2007,Haiti,2100000
2007,Honduras,1400000
2007,Hungary,15850000
2007,Iceland,17120000
2007,Iran,1750000
2007,Republic of Ireland,65425000
2007,Israel,19950000
2007,Italy,360000000
2007,Jamaica,3575000
2007,Japan,1000000
2007,Kazakhstan,1300000
2007,Kenya,2450000
2007,"Korea, South",550000
2007,Kosovo,950000
2007,Latvia,2550000
2007,Lithuania,7660000
2007,Madagascar,2000000
2007,Malaysia,200000
2007,Mali,61250000
2007,Malta,200000
2007,Martinique,6800000
2007,Mexico,46500000
2007,Moldova,2750000
2007,Montenegro,32800000
2007,Morocco,41300000
2007,Mozambique,1400000
2007,Netherlands,248750000
2007,New Zealand,675000
2007,Nigeria,119950000
2007,North Macedonia,17000000
2007,Northern Ireland,24900000
2007,Norway,30400000
2007,Oman,380000
2007,Paraguay,21000000
2007,Peru,34525000
2007,Philippines,200000
2007,Poland,50225000
2007,Portugal,261300000
2007,Qatar,1400000
2007,Romania,58450000
2007,Russia,126810000
2007,Réunion,450000
2007,Saint Martin,350000
2007,Scotland,85800000
2007,Senegal,76600000
2007,Serbia,118450000
2007,Seychelles,350000
2007,Sierra Leone,800000
2007,Slovakia,33120000
2007,Slovenia,10885000
2007,South Africa,3000000
2007,Spain,440900001
2007,Suriname,3800000
2007,Sweden,101480000
2007,Switzerland,51625000
2007,Syria,800000
2007,Tahiti,3500000
2007,Tajikistan,200000
2007,Gambia,3550000
2007,Togo,18450000
2007,Trinidad and Tobago,9300000
2007,Tunisia,14800000
2007,Turkey,111000000
2007,Turkey,4200000
2007,Ukraine,77300000
2007,United States,17450000
2007,Uruguay,67030000
2007,Uzbekistan,5000000
2007,Venezuela,5700000
2007,Wales,39275000
2007,Zambia,850000
2007,Zimbabwe,400000
2008,Albania,26400000
2008,Algeria,28450000
2008,Andorra,150000
2008,Angola,7600000
2008,Argentina,383000000
2008,Armenia,2000000
2008,Aruba,500000
2008,Australia,16800000
2008,Austria,55800000
2008,Azerbaijan,550000
2008,Barbados,2000000
2008,Belarus,33265000
2008,Belgium,109800000
2008,Benin,10550000
2008,Bolivia,700000
2008,Bosnia and Herzegovina,50750000
2008,Brazil,411000000
2008,Bulgaria,56500000
2008,Burkina Faso,10550000
2008,Burundi,7900000
2008,Cameroon,111350000
2008,Canada,8625000
2008,Cape Verde,6325000
2008,Central African Republic,4375000
2008,Chile,60900000
2008,Taiwan,550000
2008,Colombia,41900000
2008,Comoros,1850000
2008,Congo,9400000
2008,Costa Rica,5100000
2008,Ivory Coast,153950000
2008,Croatia,148000000
2008,Curaçao,2875000
2008,Cyprus,2450000
2008,Czech Republic,117150000
2008,DR Congo,21125000
2008,Denmark,89900000
2008,Dominican Republic,900000
2008,Ecuador,13750000
2008,Egypt,8250000
2008,England,422250000
2008,Equatorial Guinea,6000000
2008,Eritrea,3200000
2008,Estonia,2800000
2008,Ethiopia,350000
2008,Faroe Islands,1235000
2008,Finland,25650000
2008,France,375000000
2008,French Guiana,7150000
2008,Gabon,1700000
2008,Georgia,12575000
2008,Germany,224500000
2008,Ghana,83250000
2008,Greece,88150000
2008,Grenada,2000000
2008,Guadeloupe,7475000
2008,Guinea,27875000
2008,Guinea-Bissau,1950000
2008,Haiti,4350000
2008,Honduras,4800000
2008,Hungary,25750000
2008,Iceland,26950000
2008,Iran,5900000
2008,Iraq,50000
2008,Republic of Ireland,79200000
2008,Israel,21425000
2008,Italy,390500000
2008,Jamaica,2950000
2008,Japan,5150000
2008,Kazakhstan,2850000
2008,Kenya,3500000
2008,"Korea, South",13350000
2008,Kosovo,825000
2008,Latvia,2000000
2008,Lebanon,50000
2008,Liberia,600000
2008,Liechtenstein,100000
2008,Lithuania,8800000
2008,Luxembourg,50000
2008,Madagascar,2450000
2008,Malaysia,700000
2008,Mali,69600000
2008,Malta,300000
2008,Martinique,10300000
2008,Mauritania,1000000
2008,Mexico,51175000
2008,Moldova,3575000
2008,Montenegro,50475000
2008,Morocco,53350000
2008,Mozambique,3450000
2008,Netherlands,263750000
2008,New Zealand,5025000
2008,Niger,1500000
2008,Nigeria,138850000
2008,North Macedonia,24150000
2008,Northern Ireland,29245000
2008,Norway,51700000
2008,Oman,1000000
2008,Pakistan,200000
2008,Palestine,375000
2008,Paraguay,27950000
2008,Peru,30700000
2008,Philippines,1550000
2008,Poland,63300000
2008,Portugal,315500000
2008,Qatar,1150000
2008,Romania,99950000
2008,Russia,193400000
2008,Réunion,500000
2008,Saint Martin,2200000
2008,Saudi Arabia,250000
2008,Scotland,105750000
2008,Senegal,87150000
2008,Serbia,154500000
2008,Seychelles,600000
2008,Sierra Leone,2000000
2008,Slovakia,64300000
2008,Slovenia,17475000
2008,South Africa,8000000
2008,Spain,511000000
2008,Suriname,4350000
2008,Sweden,127550000
2008,Switzerland,76600000
2008,Syria,1500000
2008,Tahiti,3300000
2008,Tajikistan,25000
2008,Thailand,200000
2008,Gambia,3475000
2008,Togo,31750000
2008,Tunisia,25335000
2008,Turkey,140700000
2008,Turkey,6475000
2008,Ukraine,103750000
2008,United States,46025000
2008,Uruguay,104650000
2008,Uzbekistan,4500000
2008,Venezuela,19200000
2008,Wales,51325000
2008,Zambia,975000
2008,Zimbabwe,600000
2009,Albania,24950000
2009,Algeria,37100000
2009,Angola,10350000
2009,Antigua and Barbuda,800000
2009,Argentina,455500000
2009,Armenia,5200000
2009,Aruba,125000
2009,Australia,25250000
2009,Austria,72950000
2009,Azerbaijan,2025000
2009,Barbados,2950000
2009,Belarus,36700000
2009,Belgium,147450000
2009,Benin,16450000
2009,Bolivia,1200000
2009,Bosnia and Herzegovina,91550000
2009,Brazil,475500000
2009,Bulgaria,61600000
2009,Burkina Faso,15200000
2009,Burundi,10300000
2009,Cameroon,139400000
2009,Canada,8550000
2009,Cape Verde,7100000
2009,Central African Republic,3900000
2009,Chad,250000
2009,Chile,73850000
2009,Taiwan,800000
2009,Colombia,70650000
2009,Comoros,3300000
2009,Congo,5050000
2009,Costa Rica,10500000
2009,Ivory Coast,187050000
2009,Croatia,158650000
2009,Curaçao,4750000
2009,Cyprus,2475000
2009,Czech Republic,142150000
2009,DR Congo,35100000
2009,Denmark,92650000
2009,Dominican Republic,1075000
2009,Ecuador,24900000
2009,Egypt,13025000
2009,El Salvador,200000
2009,England,503500000
2009,Equatorial Guinea,6400000
2009,Eritrea,3000000
2009,Estonia,5375000
2009,Ethiopia,500000
2009,Faroe Islands,1000000
2009,Finland,22300000
2009,France,439000000
2009,French Guiana,7300000
2009,Gabon,5150000
2009,Georgia,19350000
2009,Germany,284250000
2009,Ghana,91725000
2009,Greece,94650000
2009,Grenada,2800000
2009,Guadeloupe,6275000
2009,Guatemala,350000
2009,Guinea,29350000
2009,Guinea-Bissau,2900000
2009,Guyana,150000
2009,Haiti,7050000
2009,Honduras,17400000
2009,Hungary,45475000
2009,Iceland,31625000
2009,Iran,9100000
2009,Iraq,250000
2009,Republic of Ireland,86700000
2009,Israel,33450000
2009,Italy,390000000
2009,Jamaica,7450000
2009,Japan,44200000
2009,Kazakhstan,3900000
2009,Kenya,4850000
2009,"Korea, South",25900000
2009,Kosovo,750000
2009,Latvia,2400000
2009,Lebanon,75000
2009,Liberia,1825000
2009,Libya,250000
2009,Liechtenstein,150000
2009,Lithuania,14300000
2009,Luxembourg,175000
2009,Madagascar,3500000
2009,Malaysia,600000
2009,Mali,84050000
2009,Malta,500000
2009,Martinique,19600000
2009,Mauritania,900000
2009,Mexico,58750000
2009,Moldova,6675000
2009,Montenegro,60600000
2009,Morocco,75750000
2009,Mozambique,4800000
2009,Netherlands,271500000
2009,New Zealand,7175000
2009,Niger,4000000
2009,Nigeria,139450000
2009,North Macedonia,25250000
2009,Northern Ireland,39375000
2009,Norway,63050000
2009,Oman,900000
2009,Pakistan,200000
2009,Palestine,250000
2009,Panama,400000
2009,Paraguay,45450000
2009,Peru,48750000
2009,Philippines,2100000
2009,Poland,73525000
2009,Portugal,350100000
2009,Qatar,600000
2009,Romania,88600000
2009,Russia,228350000
2009,Réunion,600000
2009,Saint Martin,4000000
2009,Saudi Arabia,1100000
2009,Scotland,111200000
2009,Senegal,99600000
2009,Serbia,175400000
2009,Seychelles,1500000
2009,Sierra Leone,325000
2009,Slovakia,78150000
2009,Slovenia,25550000
2009,South Africa,11550000
2009,Spain,613000000
2009,Suriname,7250000
2009,Sweden,143050000
2009,Switzerland,71650000
2009,Syria,1000000
2009,Tahiti,4700000
2009,Tajikistan,75000
2009,Gambia,4450000
2009,Togo,37275000
2009,Trinidad and Tobago,12295000
2009,Tunisia,31100000
2009,Turkey,157300000
2009,Turkey,16650000
2009,Uganda,850000
2009,Ukraine,119150000
2009,United States,54750000
2009,Uruguay,126500000
2009,Uzbekistan,4650000
2009,Venezuela,27350000
2009,Wales,53750000
2009,Zambia,550000
2009,Zimbabwe,2150000
2010,Albania,28650000
2010,Algeria,46750000
2010,Angola,11500000
2010,Antigua and Barbuda,1000000
2010,Argentina,531000000
2010,Armenia,7450000
2010,Aruba,450000
2010,Australia,29200000
2010,Austria,70450000
2010,Azerbaijan,2675000
2010,Barbados,3500000
2010,Belarus,37200000
2010,Belgium,190000000
2010,Benin,14550000
2010,Bolivia,1400000
2010,Bosnia and Herzegovina,104750000
2010,Brazil,489500000
2010,Bulgaria,57700000
2010,Burkina Faso,18800000
2010,Burundi,6350000
2010,Cameroon,164150000
2010,Canada,8450000
2010,Cape Verde,6575000
2010,Central African Republic,4100000
2010,Chad,175000
2010,Chile,109300000
2010,China,1000000
2010,Colombia,93800000
2010,Comoros,3450000
2010,Congo,14950000
2010,Costa Rica,20650000
2010,Ivory Coast,193000000
2010,Croatia,184700000
2010,Curaçao,8450000
2010,Cyprus,4025000
2010,Czech Republic,135350000
2010,DR Congo,39150000
2010,Denmark,95450000
2010,Dominican Republic,800000
2010,Ecuador,34500000
2010,Egypt,11700000
2010,El Salvador,250000
2010,England,501500000
2010,Equatorial Guinea,5575000
2010,Eritrea,1800000
2010,Estonia,5875000
2010,Ethiopia,300000
2010,Faroe Islands,1300000
2010,Finland,28675000
2010,France,457000000
2010,French Guiana,10400000
2010,Gabon,9400000
2010,Georgia,18675000
2010,Germany,377000000
2010,Ghana,115900000
2010,Greece,89450000
2010,Grenada,4325000
2010,Guadeloupe,7550000
2010,Guatemala,450000
2010,Guinea,26475000
2010,Guinea-Bissau,3200000
2010,Haiti,4650000
2010,Honduras,25050000
2010,Hungary,51250000
2010,Iceland,32175000
2010,India,100000
2010,Indonesia,600000
2010,Iran,7400000
2010,Iraq,800000
2010,Republic of Ireland,103100000
2010,Israel,42350000
2010,Italy,410500000
2010,Jamaica,6375000
2010,Japan,49300000
2010,Jordan,150000
2010,Kazakhstan,3350000
2010,Kenya,11425000
2010,"Korea, South",37350000
2010,Kosovo,2375000
2010,Latvia,4925000
2010,Liberia,5150000
2010,Libya,400000
2010,Liechtenstein,200000
2010,Lithuania,14050000
2010,Luxembourg,375000
2010,Madagascar,3500000
2010,Malawi,150000
2010,Malaysia,800000
2010,Mali,62800000
2010,Malta,400000
2010,Martinique,31400000
2010,Mauritius,350000
2010,Mexico,69550000
2010,Moldova,9400000
2010,Montenegro,71450000
2010,Montserrat,50000
2010,Morocco,91600000
2010,Mozambique,5300000
2010,Netherlands,298500000
2010,Neukaledonien,400000
2010,New Zealand,7200000
2010,Niger,2800000
2010,Nigeria,129700000
2010,North Macedonia,32475000
2010,Northern Ireland,49950000
2010,Norway,68050000
2010,Oman,750000
2010,Pakistan,300000
2010,Palestine,325000
2010,Panama,550000
2010,Paraguay,57500000
2010,Peru,57900000
2010,Philippines,2200000
2010,Poland,72650000
2010,Portugal,366200000
2010,Qatar,1700000
2010,Romania,105600000
2010,Russia,221200000
2010,Rwanda,800000
2010,Réunion,600000
2010,Saint Martin,2800000
2010,Sao Tome and Principe,300000
2010,Saudi Arabia,2950000
2010,Scotland,115000000
2010,Senegal,108400000
2010,Serbia,188900000
2010,Seychelles,3000000
2010,Sierra Leone,3175000
2010,Singapore,350000
2010,Slovakia,94150000
2010,Slovenia,29500000
2010,South Africa,18975000
2010,Spain,728000000
2010,St. Kitts & Nevis,50000
2010,Suriname,7100000
2010,Sweden,132600000
2010,Switzerland,103500000
2010,Syria,650000
2010,Tahiti,5000000
2010,Thailand,100000
2010,Gambia,4600000
2010,Togo,37800000
2010,Trinidad and Tobago,13025000
2010,Tunisia,42200000
2010,Turkey,176100000
2010,Turkey,22650000
2010,Uganda,1200000
2010,Ukraine,115600000
2010,United States,58825000
2010,Uruguay,179800000
2010,Uzbekistan,4950000
2010,Venezuela,36200000
2010,Wales,76150000
2010,Zambia,3475000
2010,Zimbabwe,3475000
2011,Afghanistan,25000
2011,Albania,28600000
2011,Algeria,52750000
2011,Angola,12650000
2011,Antigua and Barbuda,100000
2011,Argentina,547500000
2011,Armenia,13350000
2011,Aruba,950000
2011,Australia,25500000
2011,Austria,72950000
2011,Azerbaijan,2500000
2011,Barbados,2900000
2011,Belarus,33800000
2011,Belgium,225500000
2011,Benin,11825000
2011,Bermuda,50000
2011,Bolivia,1350000
2011,Bosnia and Herzegovina,104800000
2011,Brazil,525500000
2011,Bulgaria,57250000
2011,Burkina Faso,27000000
2011,Burundi,7300000
2011,Cameroon,170700000
2011,Canada,10975000
2011,Cape Verde,11950000
2011,Central African Republic,5350000
2011,Chad,500000
2011,Chile,139350000
2011,China,600000
2011,Taiwan,1200000
2011,Colombia,126000000
2011,Comoros,7150000
2011,Congo,20750000
2011,Costa Rica,11750000
2011,Ivory Coast,204250000
2011,Croatia,195500000
2011,Cuba,250000
2011,Curaçao,10000000
2011,Cyprus,4650000
2011,Czech Republic,125300000
2011,DR Congo,48850000
2011,Denmark,98250000
2011,Dominican Republic,600000
2011,Ecuador,43600000
2011,Egypt,19250000
2011,El Salvador,50000
2011,England,497000000
2011,Equatorial Guinea,5900000
2011,Eritrea,1500000
2011,Estonia,8100000
2011,Ethiopia,150000
2011,Faroe Islands,1075000
2011,Finland,31300000
2011,France,440000000
2011,French Guiana,10300000
2011,Gabon,14525000
2011,Georgia,24450000
2011,Germany,464000000
2011,Ghana,137200000
2011,Greece,96850000
2011,Grenada,2750000
2011,Guadeloupe,9450000
2011,Guatemala,150000
2011,Guinea,27350000
2011,Guinea-Bissau,6200000
2011,Guyana,1150000
2011,Haiti,6100000
2011,Honduras,24650000
2011,Hongkong,250000
2011,Hungary,54600000
2011,Iceland,33675000
2011,India,25000
2011,Indonesia,2050000
2011,Iran,7425000
2011,Iraq,2100000
2011,Republic of Ireland,104500000
2011,Israel,44750000
2011,Italy,409750000
2011,Jamaica,3600000
2011,Japan,74100000
2011,Jordan,250000
2011,Kazakhstan,3850000
2011,Kenya,12250000
2011,"Korea, South",48375000
2011,Kosovo,4600000
2011,Laos,50000
2011,Latvia,6975000
2011,Lebanon,300000
2011,Liberia,5300000
2011,Libya,2000000
2011,Liechtenstein,725000
2011,Lithuania,15875000
2011,Luxembourg,100000
2011,Madagascar,4550000
2011,Malawi,100000
2011,Malaysia,1000000
2011,Mali,75450000
2011,Malta,1200000
2011,Martinique,34150000
2011,Mauritania,1350000
2011,Mauritius,750000
2011,Mexico,76300000
2011,Moldova,10275000
2011,Montenegro,77750000
2011,Montserrat,75000
2011,Morocco,112350000
2011,Mozambique,5100000
2011,Netherlands,316000000
2011,Neukaledonien,1000000
2011,New Zealand,7875000
2011,Niger,3000000
2011,Nigeria,134100000
2011,North Macedonia,35350000
2011,Northern Ireland,49825000
2011,Norway,77900000
2011,Oman,3500000
2011,Pakistan,300000
2011,Palestine,650000
2011,Panama,250000
2011,Paraguay,71775001
2011,Peru,60125000
2011,Philippines,2725000
2011,Poland,81850000
2011,Portugal,394500000
2011,Qatar,1600000
2011,Romania,92650000
2011,Russia,211400000
2011,Rwanda,850000
2011,Réunion,800000
2011,Saint Martin,1800000
2011,Sao Tome and Principe,1050000
2011,Saudi Arabia,325000
2011,Scotland,119750000
2011,Senegal,123650000
2011,Serbia,205700000
2011,Seychelles,3500000
2011,Sierra Leone,11350000
2011,Singapore,425000
2011,Slovakia,95250000
2011,Slovenia,42400000
2011,South Africa,24675000
2011,Spain,727000000
2011,Suriname,11250000
2011,Sweden,133750000
2011,Switzerland,130500000
2011,Syria,575000
2011,Tahiti,4250000
2011,Tajikistan,450000
2011,Gambia,2100000
2011,Togo,35725000
2011,Trinidad and Tobago,11550000
2011,Tunisia,47400000
2011,Turkey,186500000
2011,Turkey,40150000
2011,Uganda,1075000
2011,Ukraine,118500000
2011,United Arab Emirates,400000
2011,United States,55950000
2011,Uruguay,181550000
2011,Uzbekistan,10550000
2011,Venezuela,42425000
2011,Wales,74450000
2011,Zambia,3400000
2011,Zimbabwe,4775000
2012,Afghanistan,350000
2012,Albania,27750000
2012,Algeria,60200000
2012,Andorra,25000
2012,Angola,20675000
2012,Antigua and Barbuda,1525000
2012,Argentina,563000000
2012,Armenia,29775000
2012,Aruba,1150000
2012,Australia,31800000
2012,Austria,98250000
2012,Azerbaijan,3800000
2012,Barbados,2000000
2012,Belarus,33700000
2012,Belgium,313000000
2012,Benin,18300000
2012,Bolivia,3100000
2012,Bosnia and Herzegovina,110250000
2012,Brazil,589500000
2012,Bulgaria,51050000
2012,Burkina Faso,29825000
2012,Burundi,8800000
2012,Cameroon,175700000
2012,Canada,19775000
2012,Cape Verde,21025000
2012,Central African Republic,8250000
2012,Chad,1050000
2012,Chile,166850000
2012,China,2650000
2012,Taiwan,1000000
2012,Colombia,182000000
2012,Comoros,8850000
2012,Congo,25875000
2012,Costa Rica,35225000
2012,Ivory Coast,205800000
2012,Croatia,195000000
2012,Cuba,250000
2012,Curaçao,17375000
2012,Cyprus,7250000
2012,Czech Republic,126700000
2012,DR Congo,45700000
2012,Denmark,109000000
2012,Dominican Republic,600000
2012,Ecuador,51050000
2012,Egypt,22600000
2012,El Salvador,750000
2012,England,479500000
2012,Equatorial Guinea,8950000
2012,Eritrea,1000000
2012,Estonia,7725000
2012,Ethiopia,700000
2012,Faroe Islands,1325000
2012,Fiji,25000
2012,Finland,37550000
2012,France,437000000
2012,French Guiana,8650000
2012,Gabon,18050000
2012,Georgia,31100000
2012,Germany,536000000
2012,Ghana,139450000
2012,Gibraltar,100000
2012,Greece,106250000
2012,Grenada,750000
2012,Guadeloupe,10750000
2012,Guatemala,1050000
2012,Guinea,27550000
2012,Guinea-Bissau,12150000
2012,Guyana,2400000
2012,Haiti,6275000
2012,Honduras,19500000
2012,Hongkong,225000
2012,Hungary,57350000
2012,Iceland,40150000
2012,Indonesia,2300000
2012,Iran,13500000
2012,Iraq,2550000
2012,Republic of Ireland,98000000
2012,Israel,55450000
2012,Italy,421500000
2012,Jamaica,20300000
2012,Japan,97100000
2012,Jordan,250000
2012,Kazakhstan,4375000
2012,Kenya,14250000
2012,"Korea, South",59700000
2012,Kosovo,11025000
2012,Laos,300000
2012,Latvia,10650000
2012,Lebanon,500000
2012,Liberia,5125000
2012,Libya,4725000
2012,Liechtenstein,1350000
2012,Lithuania,15700000
2012,Luxembourg,1850000
2012,Madagascar,5300000
2012,Malaysia,950000
2012,Mali,59450000
2012,Malta,1375000
2012,Martinique,37125000
2012,Mauritania,1700000
2012,Mauritius,1000000
2012,Mexico,94050000
2012,Moldova,8875000
2012,Montenegro,87200000
2012,Montserrat,100000
2012,Morocco,122500000
2012,Mozambique,7300000
2012,Netherlands,333000000
2012,Neukaledonien,2150000
2012,New Zealand,8525000
2012,Niger,1650000
2012,Nigeria,144250000
2012,North Macedonia,30950000
2012,Northern Ireland,45525000
2012,Norway,74400000
2012,Oman,5000000
2012,Pakistan,400000
2012,Palestine,2300000
2012,Panama,1075000
2012,Papua New Guinea,50000
2012,Paraguay,73100000
2012,Peru,58800000
2012,Philippines,3300000
2012,Poland,124750000
2012,Portugal,405000000
2012,Qatar,4900000
2012,Romania,80500000
2012,Russia,214900000
2012,Rwanda,700000
2012,Réunion,800000
2012,Saint Martin,1600000
2012,Sao Tome and Principe,400000
2012,Saudi Arabia,650000
2012,Scotland,124750000
2012,Senegal,131400000
2012,Serbia,209000000
2012,Seychelles,2250000
2012,Sierra Leone,14650000
2012,Singapore,800000
2012,Slovakia,105200000
2012,Slovenia,42100000
2012,South Africa,20525000
2012,Spain,767000000
2012,St. Lucia,75000
2012,Suriname,17075000
2012,Sweden,141950000
2012,Switzerland,141700000
2012,Syria,2125000
2012,Tahiti,600000
2012,Tajikistan,725000
2012,Tanzania,500000
2012,Thailand,25000
2012,Gambia,2500000
2012,Togo,43750000
2012,Trinidad and Tobago,10000000
2012,Tunisia,49100000
2012,Turkey,176600000
2012,Turkmenistan,75000
2012,Turkey,68750000
2012,Uganda,750000
2012,Ukraine,135200000
2012,United Arab Emirates,150000
2012,United States,76500000
2012,Uruguay,219500000
2012,Uzbekistan,11425000
2012,Vanuatu,75000
2012,Venezuela,55750000
2012,Wales,123250000
2012,Zambia,10100000
2012,Zimbabwe,4150000
2013,Afghanistan,375000
2013,Albania,29125000
2013,Algeria,89200000
2013,Angola,24650000
2013,Antigua and Barbuda,2025000
2013,Argentina,579500000
2013,Armenia,50700000
2013,Aruba,2125000
2013,Australia,34200000
2013,Austria,121150000
2013,Azerbaijan,2825000
2013,Barbados,2500000
2013,Belarus,34800000
2013,Belgium,392500000
2013,Benin,14750000
2013,Bermuda,750000
2013,Bolivia,2350000
2013,Bosnia and Herzegovina,115950000
2013,Brazil,607500000
2013,Bulgaria,49850000
2013,Burkina Faso,34400000
2013,Burundi,9200000
2013,Cameroon,172600000
2013,Canada,19125000
2013,Cape Verde,26550000
2013,Central African Republic,22800000
2013,Chad,1600000
2013,Chile,164150000
2013,China,4225000
2013,Taiwan,850000
2013,Colombia,273750000
2013,Comoros,11950000
2013,Congo,28700000
2013,Costa Rica,39925000
2013,Ivory Coast,191750000
2013,Croatia,203100000
2013,Cuba,175000
2013,Curaçao,20600000
2013,Cyprus,9700000
2013,Czech Republic,121700000
2013,DR Congo,69250000
2013,Denmark,126000000
2013,Dominican Republic,600000
2013,Ecuador,57965000
2013,Egypt,28250000
2013,El Salvador,850000
2013,England,464500000
2013,Equatorial Guinea,12950000
2013,Eritrea,1200000
2013,Estonia,7400000
2013,Ethiopia,850000
2013,Faroe Islands,1250000
2013,Finland,40550000
2013,France,452500000
2013,French Guiana,7000000
2013,Gabon,32450000
2013,Georgia,31600000
2013,Germany,649000000
2013,Ghana,129500000
2013,Greece,103150000
2013,Grenada,400000
2013,Guadeloupe,16000000
2013,Guatemala,1000000
2013,Guinea,37250000
2013,Guinea-Bissau,18800000
2013,Guyana,1550000
2013,Haiti,8750000
2013,Honduras,15150000
2013,Hongkong,850000
2013,Hungary,50650000
2013,Iceland,41300000
2013,India,25000
2013,Indonesia,4100000
2013,Iran,14850000
2013,Iraq,3250000
2013,Republic of Ireland,99000000
2013,Israel,46100000
2013,Italy,434000000
2013,Jamaica,22125000
2013,Japan,115050000
2013,Jordan,500000
2013,Kazakhstan,5050000
2013,Kenya,20700000
2013,"Korea, South",57025000
2013,Kosovo,12125000
2013,Kyrgyzstan,250000
2013,Laos,500000
2013,Latvia,14150000
2013,Lebanon,625000
2013,Liberia,4250000
2013,Libya,3100000
2013,Liechtenstein,1100000
2013,Lithuania,14075000
2013,Luxembourg,2150000
2013,Madagascar,5275000
2013,Malaysia,900000
2013,Mali,51550000
2013,Malta,275000
2013,Martinique,33450000
2013,Mauritania,2100000
2013,Mauritius,2500000
2013,Mexico,120750000
2013,Moldova,9900000
2013,Montenegro,94400000
2013,Montserrat,300000
2013,Morocco,128900000
2013,Mozambique,4025000
2013,Netherlands,294300000
2013,Neukaledonien,2650000
2013,New Zealand,12475000
2013,Niger,2000000
2013,Nigeria,146500000
2013,North Macedonia,26700000
2013,Northern Ireland,46000000
2013,Norway,63100000
2013,Oman,5000000
2013,Pakistan,300000
2013,Palestine,1200000
2013,Panama,1600000
2013,Papua New Guinea,150000
2013,Paraguay,69550000
2013,Peru,54650000
2013,Philippines,2650000
2013,Poland,150100000
2013,Portugal,372500000
2013,Qatar,9650000
2013,Romania,86100000
2013,Russia,234800000
2013,Rwanda,2150000
2013,Réunion,600000
2013,Saint Martin,1100000
2013,Sao Tome and Principe,3000000
2013,Saudi Arabia,1300000
2013,Scotland,117500000
2013,Senegal,156000000
2013,Serbia,219000000
2013,Seychelles,2500000
2013,Sierra Leone,16525000
2013,Slovakia,120700000
2013,Slovenia,53900000
2013,South Africa,28675000
2013,Spain,779000000
2013,St. Kitts & Nevis,50000
2013,St. Lucia,50000
2013,Suriname,21200000
2013,Sweden,144200000
2013,Switzerland,176550000
2013,Syria,2400000
2013,Tahiti,400000
2013,Tajikistan,1300000
2013,Thailand,525000
2013,Gambia,4575000
2013,Togo,33375000
2013,Trinidad and Tobago,9250000
2013,Tunisia,49900000
2013,Turkey,168700000
2013,Turkmenistan,250000
2013,Turkey,87500000
2013,Uganda,1900000
2013,Ukraine,130500000
2013,United Arab Emirates,200000
2013,United States,83200000
2013,Uruguay,252300000
2013,Uzbekistan,11200000
2013,Venezuela,53950000
2013,Wales,163300000
2013,Zambia,6550000
2013,Zimbabwe,4150000
2014,Afghanistan,450000
2014,Albania,29925000
2014,Algeria,100050000
2014,Andorra,100000
2014,Angola,26800000
2014,Antigua and Barbuda,1575000
2014,Argentina,589000000
2014,Armenia,53825000
2014,Aruba,1950000
2014,Australia,31600000
2014,Austria,113400000
2014,Azerbaijan,4325000
2014,Barbados,1900000
2014,Belarus,32200000
2014,Belgium,423000000
2014,Benin,14350000
2014,Bermuda,1500000
2014,Bolivia,1700000
2014,Bonaire,25000
2014,Bosnia and Herzegovina,138750000
2014,Brazil,634000000
2014,Bulgaria,41750000
2014,Burkina Faso,33500000
2014,Burundi,10150000
2014,Cameroon,143800000
2014,Canada,16850000
2014,Cape Verde,29800000
2014,Central African Republic,20800000
2014,Chad,400000
2014,Chile,175800000
2014,China,5225000
2014,Taiwan,950000
2014,Colombia,340000000
2014,Comoros,11300000
2014,Congo,25650000
2014,Costa Rica,52875000
2014,Ivory Coast,183950000
2014,Croatia,266750000
2014,Cuba,100000
2014,Curaçao,25000000
2014,Cyprus,12100000
2014,Czech Republic,101250000
2014,DR Congo,79000000
2014,Denmark,122300000
2014,Dominican Republic,700000
2014,Ecuador,62000000
2014,Egypt,37900000
2014,El Salvador,1325000
2014,England,455500000
2014,Equatorial Guinea,14450000
2014,Eritrea,1050000
2014,Estonia,10125000
2014,Ethiopia,1000000
2014,Faroe Islands,1050000
2014,Finland,37900000
2014,France,518000000
2014,French Guiana,5850000
2014,Gabon,38400000
2014,Georgia,31550000
2014,Germany,716000000
2014,Ghana,123600000
2014,Greece,121200000
2014,Grenada,250000
2014,Guadeloupe,16950000
2014,Guatemala,750000
2014,Guinea,36450000
2014,Guinea-Bissau,20125000
2014,Guyana,1650000
2014,Haiti,11250000
2014,Honduras,15500000
2014,Hongkong,1375000
2014,Hungary,44250000
2014,Iceland,46050000
2014,India,100000
2014,Indonesia,4950000
2014,Iran,17400000
2014,Iraq,6875000
2014,Republic of Ireland,95250000
2014,Israel,37850000
2014,Italy,446000000
2014,Jamaica,26925000
2014,Japan,110300000
2014,Jordan,500000
2014,Kazakhstan,4850000
2014,Kenya,18900000
2014,"Korea, South",51250000
2014,Kosovo,16775000
2014,Kyrgyzstan,300000
2014,Laos,800000
2014,Latvia,10100000
2014,Lebanon,875000
2014,Liberia,4175000
2014,Libya,700000
2014,Liechtenstein,1300000
2014,Lithuania,13425000
2014,Luxembourg,3600000
2014,Madagascar,8425000
2014,Malawi,100000
2014,Malaysia,1075000
2014,Mali,42150000
2014,Malta,1350000
2014,Martinique,24800000
2014,Mauritania,3150000
2014,Mauritius,3000000
2014,Mexico,131800000
2014,Moldova,10750000
2014,Montenegro,79850000
2014,Montserrat,800000
2014,Morocco,147750000
2014,Mozambique,7900000
2014,Netherlands,295500000
2014,Neukaledonien,3150000
2014,New Zealand,11975000
2014,Niger,2100000
2014,Nigeria,138550000
2014,North Macedonia,27500000
2014,Northern Ireland,41550000
2014,Norway,56150000
2014,Oman,1800000
2014,Pakistan,100000
2014,Palestine,1625000
2014,Panama,1350000
2014,Papua New Guinea,150000
2014,Paraguay,81200000
2014,Peru,50875000
2014,Philippines,2225000
2014,Poland,164450000
2014,Portugal,387750000
2014,Qatar,8750000
2014,Romania,91400000
2014,Russia,225500000
2014,Rwanda,2300000
2014,Réunion,500000
2014,Saint Martin,800000
2014,Sao Tome and Principe,2900000
2014,Saudi Arabia,2075000
2014,Scotland,106200000
2014,Senegal,167500000
2014,Serbia,215500000
2014,Seychelles,1000000
2014,Sierra Leone,13200000
2014,Slovakia,104050000
2014,Slovenia,70250000
2014,Somalia,25000
2014,South Africa,27900000
2014,Spain,754000000
2014,St. Kitts & Nevis,150000
2014,St. Lucia,25000
2014,Suriname,27450000
2014,Sweden,128500000
2014,Switzerland,207500000
2014,Syria,4250000
2014,Tajikistan,1100000
2014,Thailand,1200000
2014,Gambia,5775000
2014,Togo,27050000
2014,Trinidad and Tobago,8350000
2014,Tunisia,50250000
2014,Turkey,184500000
2014,Turkey,132300000
2014,Uganda,1950000
2014,Ukraine,140000000
2014,United Arab Emirates,50000
2014,United States,71350000
2014,Uruguay,265000000
2014,Uzbekistan,12950000
2014,Venezuela,50825000
2014,Wales,179900000
2014,Zambia,8200000
2014,Zimbabwe,3050000
2015,Afghanistan,600000
2015,Albania,38100000
2015,Algeria,135500000
2015,Angola,35850000
2015,Antigua and Barbuda,725000
2015,Argentina,702000000
2015,Armenia,52375000
2015,Aruba,2100000
2015,Australia,43800000
2015,Austria,140450000
2015,Azerbaijan,7500000
2015,Bahrain,100000
2015,Barbados,1450000
2015,Belarus,29100000
2015,Belgium,501000000
2015,Benin,19300000
2015,Bermuda,1500000
2015,Bolivia,2625000
2015,Bonaire,100000
2015,Bosnia and Herzegovina,142600000
2015,Brazil,719000000
2015,Bulgaria,44500000
2015,Burkina Faso,36825000
2015,Burundi,18950000
2015,Cameroon,143050000
2015,Canada,16425000
2015,Cape Verde,36250000
2015,Central African Republic,31250000
2015,Chad,1650000
2015,Chile,205400000
2015,China,8550000
2015,Taiwan,775000
2015,Colombia,355000000
2015,Comoros,11250000
2015,Congo,25575000
2015,Costa Rica,54800000
2015,Ivory Coast,177200000
2015,Croatia,295500000
2015,Cuba,150000
2015,Curaçao,34750000
2015,Cyprus,14550000
2015,Czech Republic,85500000
2015,DR Congo,116900000
2015,Denmark,120850000
2015,Dominican Republic,450000
2015,Ecuador,56550000
2015,Egypt,51150000
2015,El Salvador,2050000
2015,England,506000000
2015,Equatorial Guinea,14850000
2015,Eritrea,1550000
2015,Estonia,9475000
2015,Ethiopia,1000000
2015,Faroe Islands,1450000
2015,Finland,47900000
2015,France,589000000
2015,French Guiana,5350000
2015,Gabon,59600000
2015,Georgia,31150000
2015,Germany,716000000
2015,Ghana,154500000
2015,Greece,122250000
2015,Grenada,200000
2015,Guadeloupe,21875000
2015,Guatemala,1950000
2015,Guinea,53000000
2015,Guinea-Bissau,29350000
2015,Guyana,1500000
2015,Haiti,12350000
2015,Honduras,15675000
2015,Hongkong,1575000
2015,Hungary,45250000
2015,Iceland,47150000
2015,India,100000
2015,Indonesia,6825000
2015,Iran,18000000
2015,Iraq,5600000
2015,Republic of Ireland,98000000
2015,Israel,53500000
2015,Italy,445500000
2015,Jamaica,45600000
2015,Japan,100500000
2015,Jordan,600000
2015,Kazakhstan,7850000
2015,Kenya,16650000
2015,"Korea, South",65300000
2015,Kosovo,23475000
2015,Kyrgyzstan,275000
2015,Laos,800000
2015,Latvia,9150000
2015,Lebanon,1075000
2015,Liberia,5825000
2015,Libya,1600000
2015,Liechtenstein,1450000
2015,Lithuania,11900000
2015,Luxembourg,4425000
2015,Macao,25000
2015,Madagascar,12000000
2015,Malawi,150000
2015,Malaysia,1325000
2015,Mali,52150000
2015,Malta,1550000
2015,Martinique,23625000
2015,Mauritania,3900000
2015,Mauritius,3500000
2015,Mexico,143350000
2015,Moldova,12950000
2015,Montenegro,65600000
2015,Montserrat,1150000
2015,Morocco,138450000
2015,Mozambique,11650000
2015,Myanmar,150000
2015,Netherlands,324000000
2015,Neukaledonien,3000000
2015,New Caledonia,400000
2015,New Zealand,19725000
2015,Nicaragua,50000
2015,Niger,4300000
2015,Nigeria,118900000
2015,North Macedonia,20150000
2015,Northern Ireland,38100000
2015,Norway,57600000
2015,Oman,600000
2015,Pakistan,50000
2015,Palestine,875000
2015,Panama,1325000
2015,Papua New Guinea,300000
2015,Paraguay,89150000
2015,Peru,60025000
2015,Philippines,2050000
2015,Poland,201500000
2015,Portugal,393750000
2015,Qatar,6275000
2015,Romania,88400000
2015,Russia,224000000
2015,Rwanda,2450000
2015,Réunion,450000
2015,Saint Martin,500000
2015,San Marino,50000
2015,Sao Tome and Principe,2250000
2015,Saudi Arabia,300000
2015,Scotland,103250000
2015,Senegal,190500000
2015,Serbia,230300000
2015,Seychelles,1500000
2015,Sierra Leone,12725000
2015,Singapore,100000
2015,Slovakia,93700000
2015,Slovenia,79350000
2015,Somalia,25000
2015,South Africa,30550000
2015,Spain,783000000
2015,St. Kitts & Nevis,250000
2015,St. Lucia,300000
2015,Suriname,36900000
2015,Sweden,116250000
2015,Switzerland,206250000
2015,Syria,6800000
2015,Tajikistan,1000000
2015,Tanzania,500000
2015,Thailand,2400000
2015,Gambia,7150000
2015,Togo,24000000
2015,Trinidad and Tobago,6200000
2015,Tunisia,53700000
2015,Turkey,185500000
2015,Turkmenistan,100000
2015,Turkey,160550000
2015,Uganda,5625000
2015,Ukraine,147000000
2015,United Arab Emirates,1800000
2015,United States,60400000
2015,Uruguay,310950000
2015,Uzbekistan,17450000
2015,Venezuela,52150000
2015,Vietnam,100000
2015,Wales,179250000
2015,Zambia,8200000
2015,Zimbabwe,6900000
2016,Afghanistan,500000
2016,Albania,45800000
2016,Algeria,179500000
2016,Andorra,350000
2016,Angola,41800000
2016,Antigua and Barbuda,650000
2016,Argentina,741000000
2016,Armenia,62575000
2016,Aruba,2350000
2016,Australia,41500000
2016,Austria,156250000
2016,Azerbaijan,7475000
2016,Bangladesh,450000
2016,Barbados,2750000
2016,Belarus,25700000
2016,Belgium,555000000
2016,Benin,20250000
2016,Bermuda,3000000
2016,Bolivia,1900000
2016,Bonaire,75000
2016,Bosnia and Herzegovina,136250000
2016,Brazil,690000000
2016,Bulgaria,34550000
2016,Burkina Faso,34200000
2016,Burundi,17700000
2016,Cambodia,25000
2016,Cameroon,138000000
2016,Canada,18525000
2016,Cape Verde,35200000
2016,Central African Republic,32025000
2016,Chad,3200000
2016,Chile,203200000
2016,China,9300000
2016,Taiwan,625000
2016,Colombia,309000000
2016,Comoros,8750000
2016,Congo,22350000
2016,Costa Rica,62275000
2016,Ivory Coast,213000000
2016,Croatia,346000000
2016,Cuba,300000
2016,Curaçao,43725000
2016,Cyprus,16150000
2016,Czech Republic,82650000
2016,DR Congo,135500000
2016,Denmark,158500000
2016,Dominican Republic,3600000
2016,Ecuador,54200000
2016,Egypt,65700000
2016,El Salvador,2200000
2016,England,547000000
2016,Equatorial Guinea,13600000
2016,Eritrea,2000000
2016,Estonia,9650000
2016,Ethiopia,400000
2016,Faroe Islands,1925000
2016,Fiji,25000
2016,Finland,43700000
2016,France,731000000
2016,French Guiana,4200000
2016,Gabon,83050000
2016,Georgia,31900000
2016,Germany,731000000
2016,Ghana,146500000
2016,Greece,133400000
2016,Grenada,250000
2016,Guadeloupe,25500000
2016,Guatemala,1700000
2016,Guinea,61450000
2016,Guinea-Bissau,27000000
2016,Guyana,1000000
2016,Haiti,10625000
2016,Honduras,14000000
2016,Hongkong,1750000
2016,Hungary,36750000
2016,Iceland,56350000
2016,India,750000
2016,Indonesia,9100000
2016,Iran,35600000
2016,Iraq,5450000
2016,Republic of Ireland,108000000
2016,Israel,49200000
2016,Italy,465500000
2016,Jamaica,74475000
2016,Japan,94900000
2016,Kazakhstan,9500000
2016,Kenya,17450000
2016,"Korea, South",69525000
2016,Kosovo,33600000
2016,Kyrgyzstan,425000
2016,Laos,2750000
2016,Latvia,5575000
2016,Lebanon,1375000
2016,Liberia,3800000
2016,Libya,1750000
2016,Liechtenstein,3050000
2016,Lithuania,11175000
2016,Luxembourg,6450000
2016,Macao,25000
2016,Madagascar,10750000
2016,Malawi,150000
2016,Malaysia,1875000
2016,Mali,52800000
2016,Malta,2750000
2016,Martinique,22750000
2016,Mauritania,5150000
2016,Mauritius,2500000
2016,Mexico,173500000
2016,Moldova,14950000
2016,Monaco,50000
2016,Montenegro,65300000
2016,Montserrat,1750000
2016,Morocco,132900000
2016,Mozambique,10400000
2016,Netherlands,323000000
2016,Neukaledonien,2700000
2016,New Caledonia,1000000
2016,New Zealand,20275000
2016,Nicaragua,450000
2016,Niger,1600000
2016,Nigeria,138250000
2016,North Macedonia,20350000
2016,Northern Ireland,41500000
2016,Norway,60300000
2016,Oman,500000
2016,Pakistan,200000
2016,Palestine,300000
2016,Panama,4350000
2016,Papua New Guinea,250000
2016,Paraguay,102350000
2016,Peru,47675000
2016,Philippines,4075000
2016,Poland,237850000
2016,Portugal,498000000
2016,Qatar,18300000
2016,Romania,79550000
2016,Russia,204000000
2016,Rwanda,3125000
2016,Réunion,300000
2016,Saint Martin,200000
2016,San Marino,50000
2016,Sao Tome and Principe,1800000
2016,Saudi Arabia,14100000
2016,Scotland,123750000
2016,Senegal,236000000
2016,Serbia,237250000
2016,Seychelles,1500000
2016,Sierra Leone,12025000
2016,Singapore,50000
2016,Slovakia,108300000
2016,Slovenia,111700000
2016,Somalia,50000
2016,South Africa,30700000
2016,Spain,817000000
2016,St. Kitts & Nevis,575000
2016,Suriname,40850000
2016,Sweden,118550000
2016,Switzerland,207000000
2016,Syria,24975000
2016,Tajikistan,1100000
2016,Tanzania,1500000
2016,Thailand,4025000
2016,Gambia,10000000
2016,Togo,23375000
2016,Trinidad and Tobago,4600000
2016,Tunisia,51550000
2016,Turkey,165750000
2016,Turkey,177600000
2016,Uganda,6200000
2016,Ukraine,141050000
2016,United Arab Emirates,1700000
2016,United States,74500000
2016,Uruguay,326100000
2016,Uzbekistan,26075000
2016,Vanuatu,100000
2016,Venezuela,64150000
2016,Vietnam,225000
2016,Wales,205750000
2016,Zambia,7800000
2016,Zimbabwe,10300000
2017,Afghanistan,500000
2017,Albania,68250000
2017,Algeria,206550000
2017,Andorra,350000
2017,Angola,51975000
2017,Antigua and Barbuda,250000
2017,Argentina,806000000
2017,Armenia,56850000
2017,Aruba,2650000
2017,Australia,52550000
2017,Austria,196000000
2017,Azerbaijan,5000000
2017,Bangladesh,175000
2017,Barbados,2075000
2017,Belarus,22850000
2017,Belgium,654000000
2017,Benin,30900000
2017,Bermuda,5000000
2017,Bolivia,1525000
2017,Bonaire,100000
2017,Bosnia and Herzegovina,159150000
2017,Brazil,825000000
2017,Bulgaria,27250000
2017,Burkina Faso,38025000
2017,Burundi,16050000
2017,Cameroon,135450000
2017,Canada,19300000
2017,Cape Verde,36700000
2017,Central African Republic,24875000
2017,Chad,3050000
2017,Chile,199300000
2017,China,13525000
2017,Taiwan,625000
2017,Colombia,292800000
2017,Comoros,8700000
2017,Congo,19625000
2017,Costa Rica,58925000
2017,Ivory Coast,248200000
2017,Croatia,380500000
2017,Cuba,1000000
2017,Curaçao,43975000
2017,Cyprus,17450000
2017,Czech Republic,125550000
2017,DR Congo,137750000
2017,Denmark,222750000
2017,Dominican Republic,9775000
2017,Ecuador,55100000
2017,Egypt,84025000
2017,El Salvador,2575000
2017,England,674000000
2017,Equatorial Guinea,18400000
2017,Eritrea,2250000
2017,Estonia,10625000
2017,Ethiopia,600000
2017,Faroe Islands,2450000
2017,Fiji,75000
2017,Finland,28350000
2017,France,916000000
2017,French Guiana,4200000
2017,Gabon,105700000
2017,Georgia,32700000
2017,Germany,864000000
2017,Ghana,149300000
2017,Greece,166400000
2017,Grenada,100000
2017,Guadeloupe,27950000
2017,Guatemala,1600000
2017,Guinea,122425000
2017,Guinea-Bissau,29450000
2017,Guyana,600000
2017,Haiti,11200000
2017,Honduras,16250000
2017,Hungary,44000000
2017,Iceland,68250000
2017,Indonesia,10475000
2017,Iran,42400000
2017,Iraq,6275000
2017,Republic of Ireland,109500000
2017,Israel,41600000
2017,Italy,669000000
2017,Jamaica,109800000
2017,Japan,90300000
2017,Jordan,400000
2017,Kazakhstan,13250000
2017,Kenya,28000000
2017,North Korea,1600000
2017,"Korea, South",76200000
2017,Kosovo,37025000
2017,Kyrgyzstan,500000
2017,Laos,2250000
2017,Latvia,5100000
2017,Lebanon,1975000
2017,Liberia,2175000
2017,Libya,3400000
2017,Liechtenstein,2475000
2017,Lithuania,10175000
2017,Luxembourg,6925000
2017,Macao,25000
2017,Madagascar,11900000
2017,Malawi,150000
2017,Malaysia,4325000
2017,Mali,60400000
2017,Malta,4075000
2017,Martinique,17450000
2017,Mauritania,10100000
2017,Mauritius,1500000
2017,Mexico,183300000
2017,Moldova,15500000
2017,Montenegro,72800000
2017,Montserrat,1550000
2017,Morocco,148500000
2017,Mozambique,7425000
2017,Myanmar,575000
2017,Netherlands,368000000
2017,Neukaledonien,2300000
2017,New Caledonia,1250000
2017,New Zealand,31175000
2017,Nicaragua,425000
2017,Niger,2050000
2017,Nigeria,161750000
2017,North Macedonia,25400000
2017,Northern Ireland,49450000
2017,Norway,74800000
2017,Oman,500000
2017,Pakistan,250000
2017,Palestine,175000
2017,Panama,4950000
2017,Paraguay,86300000
2017,Peru,45450000
2017,Philippines,5025000
2017,Poland,287000000
2017,Portugal,566500000
2017,Qatar,18575000
2017,Romania,74700000
2017,Russia,190800000
2017,Rwanda,3000000
2017,Réunion,150000
2017,Saint Martin,200000
2017,San Marino,125000
2017,Sao Tome and Principe,1950000
2017,Saudi Arabia,18750000
2017,Scotland,138500000
2017,Senegal,298500000
2017,Serbia,269800000
2017,Seychelles,1500000
2017,Sierra Leone,10075000
2017,Singapore,1125000
2017,Sint Maarten,75000
2017,Slovakia,129650000
2017,Slovenia,122150000
2017,Somalia,200000
2017,South Africa,29450000
2017,Spain,870000000
2017,St. Kitts & Nevis,1000000
2017,Suriname,44550000
2017,Sweden,146800000
2017,Switzerland,212000000
2017,Syria,23100000
2017,Tajikistan,1225000
2017,Tanzania,3000000
2017,Thailand,4250000
2017,Gambia,18450000
2017,Togo,29200000
2017,Trinidad and Tobago,5050000
2017,Tunisia,44000000
2017,Turkey,131500000
2017,Turkey,193250000
2017,Uganda,7325000
2017,Ukraine,132000000
2017,United Arab Emirates,3775000
2017,United States,120000000
2017,Uruguay,377000000
2017,Uzbekistan,24000000
2017,Vanuatu,100000
2017,Venezuela,68050000
2017,Vietnam,475000
2017,Wales,224500000
2017,Zambia,8875000
2017,Zimbabwe,13650000
2018,Afghanistan,400000
2018,Albania,75700000
2018,Algeria,309750000
2018,Andorra,450000
2018,Angola,61525000
2018,Antigua and Barbuda,250000
2018,Argentina,982000000
2018,Armenia,54200000
2018,Aruba,2400000
2018,Australia,61250000
2018,Austria,310000000
2018,Azerbaijan,10800000
2018,Bahrain,525000
2018,Bangladesh,1225000
2018,Barbados,2150000
2018,Belarus,23100000
2018,Belgium,949000000
2018,Benin,25800000
2018,Bermuda,5250000
2018,Bolivia,1875000
2018,Bonaire,175000
2018,Bosnia and Herzegovina,189500000
2018,Brazil,1427000000
2018,Bulgaria,25700000
2018,Burkina Faso,49825000
2018,Burundi,10625000
2018,Cameroon,216250000
2018,Canada,35225000
2018,Cape Verde,61650000
2018,Central African Republic,37325000
2018,Chad,3250000
2018,Chile,196250000
2018,China,16850000
2018,Taiwan,450000
2018,Colombia,392500000
2018,Comoros,19650000
2018,Congo,17325000
2018,Costa Rica,44450000
2018,Ivory Coast,440500000
2018,Croatia,527500000
2018,Cuba,2050000
2018,Curaçao,38950000
2018,Cyprus,16750000
2018,Czech Republic,167000000
2018,DR Congo,160300000
2018,Denmark,376000000
2018,Dominican Republic,58300000
2018,Ecuador,51150000
2018,Egypt,204975000
2018,El Salvador,3175000
2018,England,1158000000
2018,Equatorial Guinea,21650000
2018,Eritrea,1525000
2018,Estonia,9450000
2018,Ethiopia,275000
2018,Faroe Islands,3325000
2018,Fiji,75000
2018,Finland,42850000
2018,France,1593000000
2018,French Guiana,3550000
2018,Gabon,120600000
2018,Georgia,45150000
2018,Germany,1190000000
2018,Ghana,230300000
2018,Greece,169700000
2018,Grenada,100000
2018,Guadeloupe,34475000
2018,Guatemala,3650000
2018,Guinea,159000000
2018,Guinea-Bissau,37700000
2018,Guyana,700000
2018,Haiti,14050000
2018,Honduras,18475000
2018,Hongkong,2575000
2018,Hungary,58250000
2018,Iceland,99950000
2018,Indonesia,20425000
2018,Iran,66400000
2018,Iraq,7600000
2018,Republic of Ireland,133000000
2018,Israel,56150000
2018,Italy,854000000
2018,Jamaica,158650000
2018,Japan,134050000
2018,Jordan,1925000
2018,Kazakhstan,19000000
2018,Kenya,33525000
2018,North Korea,5000000
2018,"Korea, South",102650000
2018,Kosovo,57600000
2018,Kyrgyzstan,1225000
2018,Laos,2000000
2018,Latvia,2650000
2018,Lebanon,1225000
2018,Liberia,1850000
2018,Libya,2975000
2018,Liechtenstein,1425000
2018,Lithuania,11375000
2018,Luxembourg,13150000
2018,Madagascar,15950000
2018,Malawi,200000
2018,Malaysia,4100000
2018,Mali,166750000
2018,Malta,5875000
2018,Martinique,24600000
2018,Mauritania,10750000
2018,Mauritius,800000
2018,Mexico,217250000
2018,Moldova,15150000
2018,Montenegro,96900000
2018,Montserrat,400000
2018,Morocco,267000000
2018,Mozambique,9500000
2018,Myanmar,1025000
2018,Netherlands,669000000
2018,Neukaledonien,2300000
2018,New Caledonia,4000000
2018,New Zealand,37950000
2018,Nicaragua,225000
2018,Niger,2400000
2018,Nigeria,244500000
2018,North Macedonia,39400000
2018,Northern Ireland,53300000
2018,Norway,126200000
2018,Oman,750000
2018,Pakistan,300000
2018,Palestine,575000
2018,Panama,7050000
2018,Papua New Guinea,250000
2018,Paraguay,89400000
2018,Peru,54900000
2018,Philippines,8500000
2018,Poland,335200000
2018,Portugal,779000000
2018,Puerto Rico,250000
2018,Qatar,23600000
2018,Romania,80950000
2018,Russia,261000000
2018,Rwanda,3200000
2018,Saint Martin,150000
2018,San Marino,275000
2018,Sao Tome and Principe,2100000
2018,Saudi Arabia,17350000
2018,Scotland,208500000
2018,Senegal,407000000
2018,Serbia,448500000
2018,Seychelles,1250000
2018,Sierra Leone,6150000
2018,Singapore,825000
2018,Sint Maarten,150000
2018,Slovakia,176200000
2018,Slovenia,163750000
2018,Somalia,300000
2018,South Africa,35350000
2018,Spain,1395000000
2018,St. Kitts & Nevis,3000000
2018,St. Lucia,750000
2018,Suriname,48700000
2018,Sweden,172750000
2018,Switzerland,315000000
2018,Syria,29100000
2018,Tajikistan,1875000
2018,Tanzania,6500000
2018,Thailand,6075000
2018,Gambia,33425000
2018,Togo,47625000
2018,Trinidad and Tobago,3850000
2018,Tunisia,77550000
2018,Turkey,68500000
2018,Turkey,227500000
2018,Uganda,8025000
2018,Ukraine,156000000
2018,United Arab Emirates,600000
2018,United States,158000000
2018,Uruguay,527500000
2018,Uzbekistan,24100000
2018,Vanuatu,125000
2018,Venezuela,68150000
2018,Vietnam,750000
2018,Wales,280000000
2018,Zambia,11525000
2018,Zimbabwe,21100000
2019,Afghanistan,400000
2019,Albania,95950000
2019,Algeria,364500000
2019,Andorra,1275000
2019,Angola,69050000
2019,Antigua and Barbuda,700000
2019,Argentina,1011000000
2019,Armenia,48125000
2019,Aruba,1750000
2019,Australia,65300000
2019,Austria,367500000
2019,Azerbaijan,15625000
2019,Bahrain,525000
2019,Bangladesh,11300000
2019,Barbados,1750000
2019,Belarus,24150000
2019,Belgium,936000000
2019,Benin,23750000
2019,Bermuda,4200000
2019,Bolivia,3825000
2019,Bonaire,200000
2019,Bosnia and Herzegovina,191750000
2019,Brazil,1505000000
2019,Bulgaria,30800000
2019,Burkina Faso,57300000
2019,Burundi,8050000
2019,Cameroon,254250000
2019,Canada,75700000
2019,Cape Verde,74900000
2019,Central African Republic,36325000
2019,Chad,4200000
2019,Chile,166250000
2019,China,26625000
2019,Taiwan,625000
2019,Colombia,411500000
2019,Comoros,27400000
2019,Congo,17350000
2019,Costa Rica,33150000
2019,Ivory Coast,515500000
2019,Croatia,516000000
2019,Cuba,4250000
2019,Curaçao,33500000
2019,Cyprus,18900000
2019,Czech Republic,173800000
2019,DR Congo,183500000
2019,Denmark,427500000
2019,Dominican Republic,61075000
2019,Ecuador,59050000
2019,Egypt,205000000
2019,El Salvador,3225000
2019,England,1485000000
2019,Equatorial Guinea,26200000
2019,Eritrea,2300000
2019,Estonia,8900000
2019,Ethiopia,425000
2019,Faroe Islands,4325000
2019,Finland,49400000
2019,France,1620000000
2019,French Guiana,3650000
2019,Gabon,117050000
2019,Georgia,54500000
2019,Germany,1245000000
2019,Ghana,256500000
2019,Gibraltar,50000
2019,Greece,187000000
2019,Grenada,100000
2019,Guadeloupe,51400000
2019,Guatemala,4400000
2019,Guinea,175050000
2019,Guinea-Bissau,39250000
2019,Guyana,750000
2019,Haiti,14625000
2019,Honduras,18750000
2019,Hongkong,1100000
2019,Hungary,81850000
2019,Iceland,101950000
2019,India,2325000
2019,Indonesia,28350000
2019,Iran,73700000
2019,Iraq,9175000
2019,Republic of Ireland,152500000
2019,Israel,59050000
2019,Italy,974000000
2019,Jamaica,163650000
2019,Japan,157550000
2019,Jordan,2100000
2019,Kazakhstan,24450000
2019,Kenya,24350000
2019,North Korea,4000000
2019,"Korea, South",159350000
2019,Kosovo,109150000
2019,Kyrgyzstan,3050000
2019,Laos,800000
2019,Latvia,6550000
2019,Lebanon,2675000
2019,Liberia,3125000
2019,Libya,4050000
2019,Liechtenstein,975000
2019,Lithuania,11175000
2019,Luxembourg,14225000
2019,Madagascar,24325000
2019,Malaysia,5725000
2019,Mali,192000000
2019,Malta,9425000
2019,Martinique,28400000
2019,Mauritania,13475000
2019,Mauritius,800000
2019,Mexico,284500000
2019,Moldova,18125000
2019,Montenegro,84650000
2019,Montserrat,1200000
2019,Morocco,345500000
2019,Mozambique,11725000
2019,Myanmar,2025000
2019,Netherlands,863000000
2019,Neukaledonien,2300000
2019,New Caledonia,5000000
2019,New Zealand,35600000
2019,Nicaragua,600000
2019,Niger,1850000
2019,Nigeria,317000000
2019,North Macedonia,61500000
2019,Northern Ireland,63050000
2019,Norway,226500000
2019,Oman,1400000
2019,Pakistan,250000
2019,Palestine,1125000
2019,Panama,8650000
2019,Papua New Guinea,300000
2019,Paraguay,100600000
2019,Peru,65950000
2019,Philippines,12625000
2019,Poland,377000000
2019,Portugal,957000000
2019,Puerto Rico,225000
2019,Qatar,28250000
2019,Romania,115700000
2019,Russia,286500000
2019,Rwanda,2350000
2019,Saint Martin,325000
2019,San Marino,275000
2019,Sao Tome and Principe,1325000
2019,Saudi Arabia,24675000
2019,Scotland,319750000
2019,Senegal,523500000
2019,Serbia,495000000
2019,Seychelles,750000
2019,Sierra Leone,7900000
2019,Singapore,2225000
2019,Slovakia,193500000
2019,Slovenia,193350000
2019,Somalia,425000
2019,South Africa,41350000
2019,Spain,1330000000
2019,St. Kitts & Nevis,3025000
2019,St. Lucia,550000
2019,Suriname,52500000
2019,Sweden,209200000
2019,Switzerland,378000000
2019,Syria,30000000
2019,Tajikistan,3500000
2019,Tanzania,12000000
2019,Thailand,9425000
2019,Gambia,37775000
2019,Togo,58300000
2019,Trinidad and Tobago,4900000
2019,Tunisia,93850000
2019,Turkey,35850000
2019,Turkmenistan,250000
2019,Turkey,297500000
2019,Uganda,10400000
2019,Ukraine,194700000
2019,United Arab Emirates,8425000
2019,United States,208000000
2019,Uruguay,579000000
2019,Uzbekistan,30750000
2019,Vanuatu,175000
2019,Venezuela,99100000
2019,Vietnam,2725000
2019,Wales,329000000
2019,Zambia,21150000
2019,Zimbabwe,20750000
2020,Afghanistan,400000
2020,Albania,110850000
2020,Algeria,369000000
2020,Andorra,250000
2020,Angola,75625000
2020,Antigua and Barbuda,800000
2020,Argentina,858500000
2020,Armenia,51800000
2020,Aruba,1400000
2020,Australia,53950000
2020,Austria,351800000
2020,Azerbaijan,13425000
2020,Bahrain,600000
2020,Bangladesh,10300000
2020,Barbados,975000
2020,Belarus,20425000
2020,Belgium,817000000
2020,Benin,22225000
2020,Bermuda,4175000
2020,Bolivia,6700000
2020,Bonaire,300000
2020,Bosnia and Herzegovina,165800000
2020,Brazil,1295000000
2020,Brunei,200000
2020,Bulgaria,28300000
2020,Burkina Faso,77975000
2020,Burundi,6650000
2020,Cameroon,214500000
2020,Canada,149800000
2020,Cape Verde,69950000
2020,Central African Republic,27950000
2020,Chad,3225000
2020,Chile,134600000
2020,China,22400000
2020,Taiwan,1200000
2020,Colombia,368500000
2020,Comoros,29025000
2020,Congo,18375000
2020,Costa Rica,30500000
2020,Ivory Coast,458000000
2020,Croatia,444000000
2020,Cuba,4000000
2020,Curaçao,35425000
2020,Cyprus,19050000
2020,Czech Republic,196400000
2020,DR Congo,180000000
2020,Denmark,388200000
2020,Dominican Republic,47850000
2020,Ecuador,78700000
2020,Egypt,172500000
2020,El Salvador,3900000
2020,England,1423000000
2020,Equatorial Guinea,20500000
2020,Eritrea,2300000
2020,Estonia,8525000
2020,Ethiopia,150000
2020,Faroe Islands,2450000
2020,Fiji,50000
2020,Finland,53375000
2020,France,1414500000
2020,French Guiana,3375000
2020,Gabon,99225000
2020,Georgia,58800000
2020,Germany,1108500000
2020,Ghana,245100000
2020,Gibraltar,50000
2020,Greece,160100000
2020,Grenada,1275000
2020,Guadeloupe,46625000
2020,Guatemala,6800000
2020,Guinea,156425000
2020,Guinea-Bissau,38150000
2020,Guyana,850000
2020,Haiti,15350000
2020,Honduras,18575000
2020,Hongkong,400000
2020,Hungary,85300000
2020,Iceland,76450000
2020,India,2000000
2020,Indonesia,21950000
2020,Iran,72950000
2020,Iraq,10500000
2020,Republic of Ireland,141900000
2020,Israel,53500000
2020,Italy,913000000
2020,Jamaica,156800000
2020,Japan,157100000
2020,Jordan,2725000
2020,Kazakhstan,24375000
2020,Kenya,12575000
2020,North Korea,3000000
2020,"Korea, South",163000000
2020,Kosovo,110800000
2020,Kyrgyzstan,4150000
2020,Laos,1225000
2020,Latvia,6900000
2020,Lebanon,1950000
2020,Liberia,4175000
2020,Libya,5750000
2020,Liechtenstein,725000
2020,Lithuania,10500000
2020,Luxembourg,19050000
2020,Macao,100000
2020,Madagascar,28350000
2020,Malawi,400000
2020,Malaysia,5050000
2020,Mali,193600000
2020,Malta,14000000
2020,Martinique,26150000
2020,Mauritania,10950000
2020,Mauritius,700000
2020,Mexico,290000000
2020,Moldova,16850000
2020,Montenegro,69625000
2020,Montserrat,2550000
2020,Morocco,364500000
2020,Mozambique,9850000
2020,Myanmar,100000
2020,Netherlands,752500000
2020,Neukaledonien,1700000
2020,New Caledonia,7000000
2020,New Zealand,30550000
2020,Nicaragua,400000
2020,Niger,2350000
2020,Nigeria,315000000
2020,North Macedonia,64000000
2020,Northern Ireland,63550000
2020,Norway,295800000
2020,Oman,250000
2020,Palestine,1275000
2020,Panama,11950000
2020,Papua New Guinea,250000
2020,Paraguay,100000000
2020,Peru,61100000
2020,Philippines,7450000
2020,Poland,343550000
2020,Portugal,931500000
2020,Puerto Rico,150000
2020,Qatar,30350000
2020,Romania,103700000
2020,Russia,253700000
2020,Rwanda,1375000
2020,Saint Martin,200000
2020,San Marino,350000
2020,Sao Tome and Principe,875000
2020,Saudi Arabia,30650000
2020,Scotland,315300000
2020,Senegal,467300000
2020,Serbia,436500000
2020,Seychelles,475000
2020,Sierra Leone,12650000
2020,Singapore,1925000
2020,Slovakia,154400000
2020,Slovenia,179100000
2020,Somalia,350000
2020,South Africa,36750000
2020,Spain,1144000000
2020,St. Kitts & Nevis,4000000
2020,St. Lucia,400000
2020,Suriname,48350000
2020,Sweden,232700000
2020,Switzerland,312000000
2020,Syria,25850000
2020,Tajikistan,5900000
2020,Tanzania,9600000
2020,Thailand,9375000
2020,Gambia,50300000
2020,Togo,55850000
2020,Trinidad and Tobago,6175000
2020,Tunisia,70400000
2020,Turkey,30000000
2020,Turkmenistan,250000
2020,Turkey,352500000
2020,Uganda,11075000
2020,Ukraine,197000000
2020,United Arab Emirates,12050000
2020,United States,258500000
2020,Uruguay,535000000
2020,Uzbekistan,30400000
2020,Vanuatu,200000
2020,Venezuela,101200000
2020,Vietnam,5550000
2020,Wales,253500000
2020,Zambia,41350000
2020,Zimbabwe,23100000
2021,Afghanistan,625000
2021,Albania,125700000
2021,Algeria,356000000
2021,Andorra,1775000
2021,Angola,78800000
2021,Antigua and Barbuda,600000
2021,Argentina,805000000
2021,Armenia,49900000
2021,Aruba,550000
2021,Australia,50900000
2021,Austria,384500000
2021,Azerbaijan,15050000
2021,Bahrain,800000
2021,Bangladesh,10375000
2021,Barbados,575000
2021,Belarus,16950000
2021,Belgium,777000000
2021,Benin,21850000
2021,Bermuda,3225000
2021,Bolivia,12475000
2021,Bonaire,325000
2021,Bosnia and Herzegovina,132000000
2021,Brazil,1224000000
2021,Brunei,200000
2021,Bulgaria,25200000
2021,Burkina Faso,90425000
2021,Burundi,6225000
2021,Cambodia,730000
2021,Cameroon,215500000
2021,Canada,187650000
2021,Cape Verde,58150000
2021,Central African Republic,20000000
2021,Chad,2425000
2021,Chile,120800000
2021,China,18200000
2021,Taiwan,1720000
2021,Colombia,396000000
2021,Comoros,32100000
2021,Congo,17650000
2021,Costa Rica,33400000
2021,Ivory Coast,465500000
2021,Croatia,439000000
2021,Cuba,3000000
2021,Curaçao,34250000
2021,Cyprus,21950000
2021,Czech Republic,238800000
2021,DR Congo,212000000
2021,Denmark,382000000
2021,Dominican Republic,36100000
2021,Ecuador,97800000
2021,Egypt,178100000
2021,El Salvador,7500000
2021,England,1535000000
2021,Equatorial Guinea,17225000
2021,Eritrea,2000000
2021,Estonia,8150000
2021,Ethiopia,1225000
2021,Faroe Islands,3850000
2021,Fiji,75000
2021,Finland,51700000
2021,France,1290000000
2021,French Guiana,3625000
2021,Gabon,81225000
2021,Georgia,61100000
2021,Germany,1118000000
2021,Ghana,234100000
2021,Gibraltar,1225000
2021,Greece,177300000
2021,Grenada,1550000
2021,Guadeloupe,40450000
2021,Guatemala,9425000
2021,Guinea,161900000
2021,Guinea-Bissau,52675000
2021,Guyana,850000
2021,Haiti,25375000
2021,Honduras,22225000
2021,Hongkong,4325000
2021,Hungary,126000000
2021,Iceland,59400000
2021,India,2350000
2021,Indonesia,28200000
2021,Iran,79750000
2021,Iraq,15700000
2021,Republic of Ireland,121700000
2021,Israel,66700000
2021,Italy,922000000
2021,Jamaica,173800000
2021,Japan,162900000
2021,Jordan,8000000
2021,Kazakhstan,19525000
2021,Kenya,17200000
2021,North Korea,2000000
2021,"Korea, South",157100000
2021,Kosovo,96700000
2021,Kyrgyzstan,5400000
2021,Laos,560000
2021,Latvia,9325000
2021,Lebanon,4225000
2021,Liberia,6700000
2021,Libya,15750000
2021,Liechtenstein,700000
2021,Lithuania,9850000
2021,Luxembourg,29900000
2021,Macao,150000
2021,Madagascar,24350000
2021,Malawi,450000
2021,Malaysia,11800000
2021,Mali,225300000
2021,Malta,16225000
2021,Martinique,27425000
2021,Mauritania,17225000
2021,Mauritius,1000000
2021,Mexico,271500000
2021,Moldova,14550000
2021,Montenegro,81000000
2021,Montserrat,1000000
2021,Morocco,395500000
2021,Mozambique,14850000
2021,Myanmar,1025000
2021,Netherlands,802500000
2021,Neukaledonien,1050000
2021,New Caledonia,12000000
2021,New Zealand,22850000
2021,Nicaragua,625000
2021,Niger,4100000
2021,Nigeria,373500000
2021,North Macedonia,67025000
2021,Northern Ireland,58800000
2021,Norway,353800000
2021,Oman,6875000
2021,Pakistan,100000
2021,Palestine,1650000
2021,Panama,14200000
2021,Papua New Guinea,300000
2021,Paraguay,120500000
2021,Peru,83400000
2021,Philippines,10000000
2021,Poland,355500000
2021,Portugal,1044000000
2021,Puerto Rico,850000
2021,Qatar,26350000
2021,Romania,119500000
2021,Russia,256000000
2021,Rwanda,950000
2021,Saint Martin,350000
2021,San Marino,360000
2021,Sao Tome and Principe,650000
2021,Saudi Arabia,35575000
2021,Scotland,327500000
2021,Senegal,434500000
2021,Serbia,411500000
2021,Sierra Leone,14925000
2021,Singapore,2550000
2021,Slovakia,150000000
2021,Slovenia,175600000
2021,Somalia,325000
2021,South Africa,28950000
2021,South Sudan,150000
2021,Spain,1215000000
2021,St. Kitts & Nevis,2575000
2021,Suriname,45400000
2021,Sweden,247000000
2021,Switzerland,329000000
2021,Syria,33225000
2021,Tajikistan,7425000
2021,Tanzania,5950000
2021,Thailand,9750000
2021,Gambia,51450000
2021,Togo,54300000
2021,Trinidad and Tobago,6100000
2021,Tunisia,73500000
2021,Turkey,27075000
2021,Turkmenistan,150000
2021,Turkey,342500000
2021,Uganda,10275000
2021,Ukraine,243500000
2021,United Arab Emirates,17010000
2021,United States,319000000
2021,Uruguay,508500000
2021,Uzbekistan,37850000
2021,Vanuatu,250000
2021,Venezuela,103900000
2021,Vietnam,1750000
2021,Wales,206000000
2021,Zambia,53600000
2021,Zimbabwe,32200000
2022,Afghanistan,175000
2022,Albania,141700000
2022,Algeria,331500000
2022,Andorra,3225000
2022,Angola,73150000
2022,Antigua and Barbuda,250000
2022,Argentina,816000000
2022,Armenia,46175000
2022,Aruba,325000
2022,Australia,49600000
2022,Austria,368000000
2022,Azerbaijan,15400000
2022,Bahrain,300000
2022,Bangladesh,7475000
2022,Barbados,200000
2022,Belarus,15800000
2022,Belgium,700000000
2022,Benin,21875000
2022,Bermuda,1650000
2022,Bolivia,15325000
2022,Bonaire,600000
2022,Bosnia and Herzegovina,113600000
2022,Brazil,1282000000
2022,Brunei,200000
2022,Bulgaria,29550000
2022,Burkina Faso,90650000
2022,Burundi,8675000
2022,Cambodia,550000
2022,Cameroon,215200000
2022,Canada,201000000
2022,Cape Verde,49400000
2022,Central African Republic,24800000
2022,Chad,2450000
2022,Chile,118500000
2022,China,16350000
2022,Taiwan,2150000
2022,Colombia,397000000
2022,Comoros,29350000
2022,Congo,24300000
2022,Costa Rica,33000000
2022,Ivory Coast,466000000
2022,Croatia,457500000
2022,Cuba,2500000
2022,Curaçao,32600000
2022,Cyprus,22800000
2022,Czech Republic,227000000
2022,DR Congo,185400000
2022,Denmark,412500000
2022,Dominican Republic,34850000
2022,Ecuador,158000000
2022,Egypt,159800000
2022,El Salvador,8975000
2022,England,1504000000
2022,Equatorial Guinea,12050000
2022,Eritrea,1600000
2022,Estonia,9800000
2022,Ethiopia,50000
2022,Faroe Islands,3225000
2022,Fiji,175000
2022,Finland,47800000
2022,France,1358000000
2022,French Guiana,3900000
2022,Gabon,54325000
2022,Georgia,122050000
2022,Germany,985000000
2022,Ghana,257500000
2022,Gibraltar,1500000
2022,Greece,155000000
2022,Grenada,3875000
2022,Guadeloupe,37550000
2022,Guatemala,9075000
2022,Guinea,119000000
2022,Guinea-Bissau,53900000
2022,Guyana,900000
2022,Haiti,33300000
2022,Honduras,23975000
2022,Hongkong,5250000
2022,Hungary,134800000
2022,Iceland,38700000
2022,India,2500000
2022,Indonesia,28550000
2022,Iran,78325000
2022,Iraq,13700000
2022,Republic of Ireland,135200000
2022,Israel,73900000
2022,Italy,844000000
2022,Jamaica,163500000
2022,Japan,191100000
2022,Jordan,6510000
2022,Kazakhstan,17100000
2022,Kenya,23375000
2022,North Korea,900000
2022,"Korea, South",179600000
2022,Kosovo,98100000
2022,Kyrgyzstan,6800000
2022,Laos,1295000
2022,Latvia,14175000
2022,Lebanon,6000000
2022,Liberia,8125000
2022,Libya,17225000
2022,Liechtenstein,550000
2022,Lithuania,9550000
2022,Luxembourg,31575000
2022,Madagascar,20575000
2022,Malawi,475000
2022,Malaysia,15300000
2022,Mali,260000000
2022,Malta,15725000
2022,Martinique,21600000
2022,Mauritania,14925000
2022,Mauritius,500000
2022,Mexico,236500000
2022,Moldova,14650000
2022,Montenegro,66800000
2022,Montserrat,500000
2022,Morocco,404000000
2022,Mozambique,29675000
2022,Myanmar,3025000
2022,Netherlands,799000000
2022,Neukaledonien,200000
2022,New Caledonia,12000000
2022,New Zealand,27750000
2022,Nicaragua,775000
2022,Niger,4450000
2022,Nigeria,418000000
2022,North Macedonia,62450000
2022,Northern Ireland,46700000
2022,Norway,414000000
2022,Oman,3600000
2022,Pakistan,100000
2022,Palestine,1975000
2022,Panama,19825000
2022,Papua New Guinea,350000
2022,Paraguay,133500000
2022,Peru,59825000
2022,Philippines,11875000
2022,Poland,308500000
2022,Portugal,1103000000
2022,Puerto Rico,725000
2022,Qatar,27875000
2022,Romania,104800000
2022,Russia,206500000
2022,Rwanda,1025000
2022,Saint Martin,350000
2022,San Marino,420000
2022,Sao Tome and Principe,325000
2022,Saudi Arabia,37750000
2022,Scotland,328000000
2022,Senegal,362500000
2022,Serbia,399500000
2022,Seychelles,200000
2022,Sierra Leone,11450000
2022,Singapore,3375000
2022,Sint Maarten,250000
2022,Slovakia,165900000
2022,Slovenia,135400000
2022,Somalia,600000
2022,South Africa,26150000
2022,South Sudan,150000
2022,Spain,1162000000
2022,St. Kitts & Nevis,1400000
2022,St. Lucia,300000
2022,Suriname,57700000
2022,Sweden,275000000
2022,Switzerland,320000000
2022,Syria,32150000
2022,Tajikistan,7400000
2022,Tanzania,4450000
2022,Thailand,10300000
2022,Gambia,49700000
2022,Togo,41525000
2022,Trinidad and Tobago,7650000
2022,Tunisia,74400000
2022,Turkey,22200000
2022,Turkmenistan,100000
2022,Turkey,382000000
2022,Uganda,9075000
2022,Ukraine,286000000
2022,United Arab Emirates,23850000
2022,United States,345000000
2022,Uruguay,545500000
2022,Uzbekistan,34450000
2022,Vanuatu,250000
2022,Venezuela,81400000
2022,Vietnam,6900000
2022,Wales,202000000
2022,Zambia,53325000
2022,Zimbabwe,27750000
2023,Afghanistan,550000
2023,Albania,134800000
2023,Algeria,306000000
2023,Andorra,4510000
2023,Angola,73500000
2023,Antigua and Barbuda,300000
2023,Argentina,1000000000
2023,Armenia,53800000
2023,Aruba,300000
2023,Australia,60700000
2023,Austria,366500000
2023,Azerbaijan,17650000
2023,Bahrain,350000
2023,Bangladesh,8050000
2023,Barbados,175000
2023,Belarus,16000000
2023,Belgium,746000000
2023,Benin,19375000
2023,Bermuda,900000
2023,Bolivia,14275000
2023,Bonaire,600000
2023,Bosnia and Herzegovina,149500000
2023,Brazil,1445000000
2023,Brunei,200000
2023,Bulgaria,39250000
2023,Burkina Faso,114750000
2023,Burundi,20900000
2023,Cambodia,1315000
2023,Cameroon,253200000
2023,Canada,227300000
2023,Cape Verde,44100000
2023,Central African Republic,22650000
2023,Chad,2300000
2023,Chile,117300000
2023,China,15100000
2023,Taiwan,3150000
2023,Colombia,336000000
2023,Comoros,26800000
2023,Congo,28350000
2023,Costa Rica,31300000
2023,Ivory Coast,524000000
2023,Croatia,403000000
2023,Cuba,1900000
2023,Curaçao,34400000
2023,Cyprus,23250000
2023,Czech Republic,195700000
2023,DR Congo,180300000
2023,Denmark,524000000
2023,Dominican Republic,25575000
2023,Ecuador,264300000
2023,Egypt,148600000
2023,El Salvador,9600000
2023,England,1670000000
2023,Equatorial Guinea,11675000
2023,Eritrea,1700000
2023,Estonia,10325000
2023,Ethiopia,650000
2023,Faroe Islands,4650000
2023,Fiji,100000
2023,Finland,44750000
2023,France,1482000000
2023,French Guiana,2650000
2023,Gabon,50225000
2023,Georgia,164500000
2023,Germany,994000000
2023,Ghana,308500000
2023,Gibraltar,1800000
2023,Greece,185500000
2023,Grenada,4400000
2023,Guadeloupe,26450000
2023,Guatemala,8385000
2023,Guinea,125300000
2023,Guinea-Bissau,70175000
2023,Guyana,900000
2023,Haiti,44600000
2023,Honduras,24575000
2023,Hongkong,6125000
2023,Hungary,184200000
2023,Iceland,71500000
2023,India,3825000
2023,Indonesia,30425000
2023,Iran,65500000
2023,Iraq,16125000
2023,Republic of Ireland,228100000
2023,Israel,85300000
2023,Italy,857000000
2023,Jamaica,154400000
2023,Japan,364000000
2023,Jordan,11350000
2023,Kazakhstan,20575000
2023,Kenya,24750000
2023,"Korea, South",212800000
2023,Kosovo,114400000
2023,Kyrgyzstan,7250000
2023,Laos,1295000
2023,Latvia,13575000
2023,Lebanon,6450000
2023,Liberia,10250000
2023,Libya,20075000
2023,Liechtenstein,450000
2023,Lithuania,11825000
2023,Luxembourg,33800000
2023,Madagascar,17500000
2023,Malawi,575000
2023,Malaysia,17600000
2023,Mali,238500000
2023,Malta,17100000
2023,Martinique,15200000
2023,Mauritania,16150000
2023,Mauritius,300000
2023,Mexico,261000000
2023,Moldova,16225000
2023,Montenegro,64500000
2023,Montserrat,750000
2023,Morocco,440500000
2023,Mozambique,32725000
2023,Myanmar,3300000
2023,Netherlands,932000000
2023,Neukaledonien,150000
2023,New Caledonia,9000000
2023,New Zealand,24600000
2023,Nicaragua,1175000
2023,Niger,5350000
2023,Nigeria,528500000
2023,North Macedonia,60000000
2023,Northern Ireland,54150000
2023,Norway,501500000
2023,Oman,1175000
2023,Pakistan,150000
2023,Palestine,3975000
2023,Panama,21625000
2023,Papua New Guinea,300000
2023,Paraguay,169500000
2023,Peru,49700000
2023,Philippines,10300000
2023,Poland,313500000
2023,Portugal,1180000000
2023,Puerto Rico,900000
2023,Qatar,21900000
2023,Romania,106900000
2023,Russia,222500000
2023,Rwanda,1325000
2023,Saint Martin,450000
2023,San Marino,525000
2023,Sao Tome and Principe,475000
2023,Saudi Arabia,32050000
2023,Scotland,335500000
2023,Senegal,384000000
2023,Serbia,373000000
2023,Seychelles,150000
2023,Sierra Leone,8950000
2023,Singapore,3700000
2023,Sint Maarten,350000
2023,Slovakia,187400000
2023,Slovenia,140300000
2023,Somalia,475000
2023,South Africa,43300000
2023,South Sudan,150000
2023,Spain,1158000000
2023,St. Kitts & Nevis,1200000
2023,St. Lucia,300000
2023,Suriname,62350000
2023,Sweden,370500000
2023,Switzerland,338000000
2023,Syria,28025000
2023,Tajikistan,8300000
2023,Tanzania,3750000
2023,Thailand,9900000
2023,Gambia,52400000
2023,Togo,33275000
2023,Trinidad and Tobago,14550000
2023,Tunisia,90100000
2023,Turkey,15275000
2023,Turkey,350000000
2023,Uganda,9200000
2023,Ukraine,370000000
2023,United Arab Emirates,29000000
2023,United States,366500000
2023,Uruguay,566000000
2023,Uzbekistan,34400000
2023,Vanuatu,300000
2023,Venezuela,73600000
2023,Vietnam,7225000
2023,Wales,219500000
2023,Yemen,10000
2023,Zambia,37675000
2023,Zimbabwe,32825000
2024,Albania,138700000
2024,Algeria,285700000
2024,Andorra,4475000
2024,Angola,63400000
2024,Argentina,968000000
2024,Armenia,54050000
2024,Australia,59600000
2024,Austria,336500000
2024,Azerbaijan,19550000
2024,Bahrain,400000
2024,Bangladesh,7850000
2024,Belarus,17150000
2024,Belgium,704000000
2024,Benin,14050000
2024,Bolivia,17300000
2024,Bonaire,725000
2024,Bosnia and Herzegovina,153200000
2024,Brazil,1525000000
2024,Bulgaria,41150000
2024,Burkina Faso,117650000
2024,Burundi,17000000
2024,Cambodia,2225000
2024,Cameroon,270500000
2024,Canada,210000000
2024,Cape Verde,52400000
2024,Central African Republic,16700000
2024,Chad,2900000
2024,Chile,115500000
2024,China,14300000
2024,Taiwan,2975000
2024,Colombia,396000000
2024,Comoros,27650000
2024,Congo,25275000
2024,Costa Rica,42100000
2024,Ivory Coast,472000000
2024,Croatia,366000000
2024,Cuba,600000
2024,Curaçao,30550000
2024,Cyprus,23500000
2024,Czech Republic,225000000
2024,DR Congo,192500000
2024,Denmark,540000000
2024,Dominican Republic,23800000
2024,Ecuador,294300000
2024,Egypt,165400000
2024,El Salvador,10400000
2024,England,1785000000
2024,Equatorial Guinea,21600000
2024,Eritrea,1950000
2024,Estonia,12400000
2024,Ethiopia,500000
2024,Faroe Islands,5625000
2024,Fiji,175000
2024,Finland,45900000
2024,France,1517000000
2024,French Guiana,2000000
2024,Gabon,35900000
2024,Georgia,209800000
2024,Germany,1056000000
2024,Ghana,307000000
2024,Gibraltar,1800000
2024,Greece,234900000
2024,Grenada,3575000
2024,Guadeloupe,20600000
2024,Guatemala,8100000
2024,Guinea,104850000
2024,Guinea-Bissau,65850000
2024,Guyana,875000
2024,Haiti,46850000
2024,Honduras,22675000
2024,Hongkong,6500000
2024,Hungary,190500000
2024,Iceland,109900000
2024,India,4325000
2024,Indonesia,39525000
2024,Iran,52100000
2024,Iraq,20950000
2024,Republic of Ireland,263300000
2024,Israel,100200000
2024,Italy,907000000
2024,Jamaica,128350000
2024,Japan,383000000
2024,Jordan,17925000
2024,Kazakhstan,16625000
2024,Kenya,15850000
2024,"Korea, South",216900000
2024,Kosovo,122200000
2024,Kyrgyzstan,7875000
2024,Laos,1425000
2024,Latvia,17525000
2024,Lebanon,5800000
2024,Liberia,17200000
2024,Libya,19325000
2024,Lithuania,17800000
2024,Luxembourg,36550000
2024,Madagascar,13900000
2024,Malawi,350000
2024,Malaysia,14375000
2024,Mali,227500000
2024,Malta,19450000
2024,Martinique,11150000
2024,Mauritania,9800000
2024,Mauritius,250000
2024,Mexico,253000000
2024,Moldova,15800000
2024,Montenegro,53400000
2024,Morocco,504500000
2024,Mozambique,30550000
2024,Myanmar,3775000
2024,Netherlands,1069000000
2024,New Caledonia,7000000
2024,New Zealand,27550000
2024,Nicaragua,1200000
2024,Niger,8425000
2024,Nigeria,511500000
2024,North Macedonia,51300000
2024,Northern Ireland,72150000
2024,Norway,588500000
2024,Oman,9275000
2024,Pakistan,300000
2024,Palestine,6100000
2024,Panama,34225000
2024,Paraguay,169500000
2024,Peru,45100000
2024,Philippines,7400000
2024,Poland,272500000
2024,Portugal,1133000000
2024,Puerto Rico,1260000
2024,Qatar,24875000
2024,Romania,120700000
2024,Russia,236500000
2024,Rwanda,3125000
2024,Saint Martin,400000
2024,San Marino,650000
2024,Saudi Arabia,36100000
2024,Scotland,307500000
2024,Senegal,365000000
2024,Serbia,361000000
2024,Sierra Leone,4350000
2024,Singapore,3800000
2024,Slovakia,188800000
2024,Slovenia,154800000
2024,Somalia,875000
2024,South Africa,47500000
2024,South Sudan,175000
2024,Spain,1450000000
2024,St. Kitts & Nevis,50000
2024,Suriname,52400000
2024,Sweden,462500000
2024,Switzerland,341000000
2024,Syria,18550000
2024,Tajikistan,9525000
2024,Tanzania,3200000
2024,Thailand,11250000
2024,Gambia,67050000
2024,Togo,36450000
2024,Trinidad and Tobago,18950000
2024,Tunisia,79600000
2024,Turkey,439000000
2024,Uganda,8775000
2024,Ukraine,416000000
2024,United Arab Emirates,35950000
2024,United States,414500000
2024,Uruguay,587000000
2024,Uzbekistan,52650000
2024,Vanuatu,450000
2024,Venezuela,96600000
2024,Vietnam,7375000
2024,Wales,201100000
2024,Yemen,400000
2024,Zambia,18325000
2024,Zimbabwe,29500000
2025,Albania,126700000
2025,Algeria,312500000
2025,Andorra,4550000
2025,Angola,60700000
2025,Antigua and Barbuda,100000
2025,Argentina,1055000000
2025,Armenia,53950000
2025,Australia,67400000
2025,Austria,313000000
2025,Azerbaijan,22850000
2025,Bahrain,400000
2025,Bangladesh,9075000
2025,Belarus,18750000
2025,Belgium,691000000
2025,Benin,13100000
2025,Bolivia,18750000
2025,Bonaire,500000
2025,Bosnia and Herzegovina,146300000
2025,Botswana,25000
2025,Brazil,1353000000
2025,Bulgaria,48350000
2025,Burkina Faso,130300000
2025,Burundi,14400000
2025,Cambodia,2550000
2025,Cameroon,339500000
2025,Canada,218600000
2025,Cape Verde,60900000
2025,Central African Republic,12300000
2025,Chad,4500000
2025,Chile,112100000
2025,China,15125000
2025,Taiwan,2625000
2025,Colombia,397000000
2025,Comoros,24900000
2025,Congo,20400000
2025,Costa Rica,48550000
2025,Ivory Coast,551000000
2025,Croatia,409500000
2025,Cuba,600000
2025,Curaçao,24550000
2025,Cyprus,22300000
2025,Czech Republic,238500000
2025,DR Congo,213200000
2025,Denmark,523000000
2025,Dominican Republic,24575000
2025,Ecuador,389500000
2025,Egypt,167000000
2025,El Salvador,13750000
2025,England,1750000000
2025,Equatorial Guinea,18200000
2025,Eritrea,2500000
2025,Estonia,16925000
2025,Ethiopia,2375000
2025,Faroe Islands,7500000
2025,Fiji,175000
2025,Finland,61200000
2025,France,1645000000
2025,French Guiana,1000000
2025,Gabon,28550000
2025,Georgia,217100000
2025,Germany,1209000000
2025,Ghana,328000000
2025,Gibraltar,1925000
2025,Greece,360500000
2025,Grenada,925000
2025,Guadeloupe,12625000
2025,Guatemala,9200000
2025,Guinea,118100000
2025,Guinea-Bissau,72950000
2025,Guyana,1500000
2025,Haiti,58550000
2025,Honduras,21300000
2025,Hongkong,5400000
2025,Hungary,212000000
2025,Iceland,118800000
2025,India,4575000
2025,Indonesia,41350000
2025,Iran,44900000
2025,Iraq,28750000
2025,Republic of Ireland,279000000
2025,Israel,109500000
2025,Italy,954000000
2025,Jamaica,92150000
2025,Japan,382000000
2025,Jordan,17175000
2025,Kazakhstan,18300000
2025,Kenya,7000000
2025,"Korea, South",177800000
2025,Kosovo,156500000
2025,Kyrgyzstan,8575000
2025,Laos,1650000
2025,Latvia,19675000
2025,Lebanon,6075000
2025,Liberia,19000000
2025,Libya,17200000
2025,Lithuania,20950000
2025,Luxembourg,39850000
2025,Madagascar,9850000
2025,Malawi,800000
2025,Malaysia,14325000
2025,Mali,212500000
2025,Malta,17175000
2025,Martinique,8300000
2025,Mauritania,15150000
2025,Mauritius,150000
2025,Mexico,234000000
2025,Moldova,17150000
2025,Montenegro,73700000
2025,Morocco,566000000
2025,Mozambique,22700000
2025,Myanmar,3725000
2025,Netherlands,1041000000
2025,New Caledonia,5000000
2025,New Zealand,33575000
2025,Nicaragua,1150000
2025,Niger,8650000
2025,Nigeria,479000000
2025,North Macedonia,40700000
2025,Northern Ireland,120050000
2025,Norway,635000000
2025,Oman,9350000
2025,Pakistan,2000000
2025,Palestine,9600000
2025,Panama,40900000
2025,Paraguay,173800000
2025,Peru,43000000
2025,Philippines,6000000
2025,Poland,265500000
2025,Portugal,1144000000
2025,Puerto Rico,1750000
2025,Qatar,24400000
2025,Romania,131400000
2025,Russia,263500000
2025,Rwanda,3050000
2025,Saint Martin,350000
2025,San Marino,685000
2025,Sao Tome and Principe,75000
2025,Saudi Arabia,36800000
2025,Scotland,292000000
2025,Senegal,476500000
2025,Serbia,400500000
2025,Sierra Leone,7850000
2025,Singapore,4000000
2025,Slovakia,166200000
2025,Slovenia,169100000
2025,Somalia,775000
2025,South Africa,50700000
2025,South Sudan,125000
2025,Spain,1595000000
2025,Suriname,49500000
2025,Sweden,625500000
2025,Switzerland,373500000
2025,Syria,13500000
2025,Tajikistan,9725000
2025,Tanzania,3650000
2025,Thailand,11075000
2025,Gambia,85900000
2025,Togo,34635000
2025,Trinidad and Tobago,16925000
2025,Tunisia,70200000
2025,Turkey,528000000
2025,Uganda,9900000
2025,Ukraine,397000000
2025,United Arab Emirates,31275000
2025,United States,456000000
2025,Uruguay,546500000
2025,Uzbekistan,73300000
2025,Vanuatu,500000
2025,Venezuela,101800000
2025,Vietnam,7825000
2025,Wales,216300000
2025,Yemen,125000
2025,Zambia,15175000
2025,Zimbabwe,28100000
2026,Albania,100600000
2026,Algeria,310000000
2026,Andorra,3280000
2026,Angola,58450000
2026,Antigua and Barbuda,100000
2026,Argentina,1026000000
2026,Armenia,52200000
2026,Australia,85300000
2026,Austria,347000000
2026,Azerbaijan,5775000
2026,Bahrain,225000
2026,Bangladesh,7775000
2026,Belarus,13250000
2026,Belgium,671000000
2026,Benin,16200000
2026,Bolivia,20150000
2026,Bosnia and Herzegovina,166000000
2026,Botswana,50000
2026,Brazil,1293000000
2026,Bulgaria,45850000
2026,Burkina Faso,131275000
2026,Burundi,9000000
2026,Cambodia,2300000
2026,Cameroon,336800000
2026,Canada,208000000
2026,Cape Verde,57700000
2026,Central African Republic,6850000
2026,Chad,7000000
2026,Chile,102800000
2026,China,14650000
2026,Taiwan,800000
2026,Colombia,379000000
2026,Comoros,26575000
2026,Congo,15500000
2026,Costa Rica,42850000
2026,Ivory Coast,593000000
2026,Croatia,424000000
2026,Cuba,600000
2026,Curaçao,19650000
2026,Cyprus,22800000
2026,Czech Republic,232000000
2026,DR Congo,170800000
2026,Denmark,517000000
2026,Dominican Republic,18025000
2026,Ecuador,385500000
2026,Egypt,117800000
2026,El Salvador,14175000
2026,England,1685000000
2026,Equatorial Guinea,11550000
2026,Estonia,17875000
2026,Ethiopia,3225000
2026,Faroe Islands,6800000
2026,Finland,45100000
2026,France,1740000000
2026,French Guiana,800000
2026,Gabon,27900000
2026,Georgia,261600000
2026,Germany,1181000000
2026,Ghana,294000000
2026,Gibraltar,1960000
2026,Greece,374000000
2026,Grenada,775000
2026,Guadeloupe,7900000
2026,Guatemala,8625000
2026,Guinea,112600000
2026,Guinea-Bissau,64700000
2026,Guyana,1000000
2026,Haiti,51975000
2026,Honduras,22950000
2026,Hongkong,2950000
2026,Hungary,214700000
2026,Iceland,112500000
2026,India,3700000
2026,Indonesia,40150000
2026,Iran,36400000
2026,Iraq,22800000
2026,Republic of Ireland,245500000
2026,Israel,111600000
2026,Italy,892000000
2026,Jamaica,63150000
2026,Japan,331000000
2026,Jordan,21550000
2026,Kazakhstan,9550000
2026,Kenya,4950000
2026,"Korea, South",148400000
2026,Kosovo,169300000
2026,Kyrgyzstan,1650000
2026,Laos,975000
2026,Latvia,12350000
2026,Lebanon,1500000
2026,Liberia,13450000
2026,Libya,13150000
2026,Lithuania,19350000
2026,Luxembourg,36300000
2026,Madagascar,7250000
2026,Malawi,700000
2026,Malaysia,10800000
2026,Mali,189900000
2026,Malta,15300000
2026,Martinique,2600000
2026,Mauritania,20500000
2026,Mauritius,125000
2026,Mexico,229500000
2026,Moldova,13500000
2026,Montenegro,82850000
2026,Morocco,585000000
2026,Mozambique,31000000
2026,Myanmar,3175000
2026,Netherlands,940000000
2026,New Caledonia,5000000
2026,New Zealand,35650000
2026,Nicaragua,725000
2026,Niger,6600000
2026,Nigeria,400000000
2026,North Macedonia,39200000
2026,Northern Ireland,133100000
2026,Norway,627000000
2026,Oman,8250000
2026,Pakistan,2200000
2026,Palestine,8000000
2026,Panama,40600000
2026,Paraguay,171500000
2026,Peru,41450000
2026,Philippines,5700000
2026,Poland,283000000
2026,Portugal,1129000000
2026,Puerto Rico,1200000
2026,Qatar,20925000
2026,Romania,130500000
2026,Russia,275500000
2026,Rwanda,2225000
2026,San Marino,485000
2026,Saudi Arabia,46900000
2026,Scotland,236800000
2026,Senegal,514000000
2026,Serbia,410000000
2026,Sierra Leone,10700000
2026,Singapore,2100000
2026,Slovakia,146700000
2026,Slovenia,177500000
2026,Somalia,400000
2026,South Africa,52000000
2026,South Sudan,100000
2026,Spain,1485000000
2026,Sudan,200000
2026,Suriname,40350000
2026,Sweden,552500000
2026,Switzerland,385500000
2026,Syria,11250000
2026,Tajikistan,5525000
2026,Tanzania,5700000
2026,Thailand,11250000
2026,Gambia,87900000
2026,Togo,31350000
2026,Trinidad and Tobago,12725000
2026,Tunisia,69000000
2026,Turkey,515000000
2026,Uganda,8450000
2026,Ukraine,333000000
2026,United Arab Emirates,23650000
2026,United States,474000000
2026,Uruguay,422000000
2026,Uzbekistan,86850000
2026,Vanuatu,400000
2026,Venezuela,95100000
2026,Wales,233900000
2026,Yemen,75000
2026,Zambia,18600000
2026,Zimbabwe,30550000
